transaction_id,event_type,date,store_number,item_number,value
31470fc3-4cf4-4b22-bf48-1d3a2eadc657,sale,2019-01-09T15:12:39Z,10,4,161
188be094-0ba6-4fb1-b752-310a9808b229,incoming,2018-12-18T23:54:55Z,8,25,39
5ba70734-745e-4453-97c3-0b516118d2e1,sale,2019-09-21T10:22:03Z,4,2,159
9b585eb8-1f7c-4d27-80ab-f1540caeef55,sale,2018-11-28T20:29:11Z,3,17,105
94c096b6-3909-4a76-a1f5-882ac068aad4,sale,2019-09-26T21:33:05Z,7,6,21
e49a5e9a-58db-4c0c-83ce-7082d23164a3,incoming,2019-02-02T14:32:38Z,10,7,96
ae6011d1-244d-4e31-8db7-f4503198ccf1,incoming,2019-06-20T02:46:25Z,8,16,176
f8d26495-e424-45d6-8b17-148a60293e6e,sale,2019-06-09T04:18:31Z,3,11,10
26d51512-eff3-4e7b-b495-ddbe4b729e00,incoming,2019-06-14T01:54:43Z,9,20,75
482dfc64-fa44-4c25-9f16-0d5b301b0a7a,incoming,2018-11-10T11:13:52Z,6,20,176
67672cb5-89a5-4190-82d4-948f783513a1,incoming,2019-03-07T00:39:21Z,5,11,197
8dfb7d3c-6e52-4c71-913d-14b807b8085e,sale,2019-01-09T08:51:35Z,6,10,187
6dcbb501-50e3-43dc-b1d9-8ab914ce34b8,sale,2019-05-07T05:52:05Z,6,17,183
752621aa-d32a-4c75-ab80-bae16215bce6,sale,2018-10-22T17:26:36Z,7,23,17
4fd33cbb-3ddd-4a4e-b033-ecc7be994f08,sale,2019-01-30T19:22:49Z,7,15,191
4259764a-8d6f-47fd-a167-ffe96a7d5486,sale,2018-12-28T12:25:27Z,4,26,166
df97e374-64a0-4444-aba4-f225f033f95c,incoming,2019-08-28T22:00:39Z,7,22,107
b218bd2f-3815-47e1-9f94-f484e09bc391,sale,2019-03-05T04:49:54Z,10,3,43
24efb1a6-1631-4b44-be3c-73f700f73813,sale,2019-07-18T02:07:58Z,2,4,191
0d9e2042-703e-4a90-91ae-90bfab73dbb5,incoming,2019-05-19T11:46:46Z,6,12,14
9503acc0-e704-413d-a9da-dbb733ce53e0,incoming,2019-01-03T19:18:16Z,3,6,32
76817e50-dfb1-4c5c-b55a-c69ccf89a7ae,incoming,2019-06-08T07:51:28Z,2,4,56
cc94def5-9d3a-4e52-b431-15a93b2a188f,incoming,2019-07-17T03:20:59Z,6,26,198
5cbf59ed-12e0-4f44-bad3-87ff308948c6,incoming,2018-12-18T17:26:46Z,10,14,85
5ee4fb03-a73d-4ee0-82af-5b2d5780263a,sale,2019-08-02T02:59:22Z,2,25,41
41929ace-5e77-4c83-af67-eff3d6d1b957,incoming,2019-05-26T21:36:06Z,10,12,151
0e71d812-5d1b-4432-8387-eb5f25a04b12,sale,2019-09-29T16:32:40Z,9,19,25
399ccde6-f8b6-45bf-990e-9afbd5efff15,sale,2018-10-12T04:01:20Z,8,26,164
8cb592a8-e0ef-4eab-b8c9-4cf9a30b327f,incoming,2019-08-07T18:21:32Z,4,29,104
e8a898d9-abfb-47e3-b250-7c5f75a5821d,incoming,2019-08-14T00:27:33Z,7,26,130
6dd60ac1-36c8-4ede-b6fc-65549aefc46b,incoming,2019-05-07T18:47:25Z,6,5,101
017de953-e45c-49eb-81fb-9f16a95421d0,sale,2019-01-01T12:04:48Z,3,30,13
26b34610-237c-46da-bbcc-f25f5db100e8,incoming,2019-09-08T07:12:21Z,7,19,159
b94a3f0f-51d0-458c-805d-04ce46c650ea,incoming,2019-06-17T02:13:03Z,6,16,97
f79b34bd-ac29-4aee-b8ac-4dbaae879a2d,sale,2019-08-07T13:35:55Z,2,25,29
45b70c88-7a0b-4691-9ed2-b0d1197056d4,incoming,2018-10-18T11:33:45Z,3,19,34
48f24611-00c3-4b83-9305-efe6966fa472,incoming,2019-03-24T18:18:39Z,6,17,145
804b495a-eb74-4ccd-9489-9a3e7899fa6a,incoming,2018-12-26T16:31:35Z,8,11,161
89ead5a6-5e68-4de2-a55b-8c6b4b3f4f32,incoming,2018-12-26T18:27:33Z,6,3,25
6b31c5e4-e323-4621-b907-97bf9c4f7c0e,incoming,2018-12-09T07:09:33Z,6,12,4
eb4c1821-92b7-443f-bc4c-930cecbf21c6,sale,2019-04-27T12:52:50Z,7,28,122
3dede8e1-00d8-4487-9271-79060aca0ec0,incoming,2019-04-09T00:21:23Z,2,24,41
f5e4dd64-5867-47fd-9891-f0ca81d816ed,sale,2019-07-19T09:41:34Z,2,26,170
b9d734ed-7109-47ea-817e-f492eb217d3b,incoming,2019-07-10T21:01:46Z,7,24,6
8d196a1b-664f-46fb-9e95-88e5cba43428,sale,2019-06-22T12:55:20Z,9,18,164
20624c46-4bad-47b7-a629-83bb0d19e9c2,incoming,2019-09-02T18:21:13Z,8,10,199
c276c111-2181-45e8-a964-8425b9e60cc9,incoming,2019-05-11T17:37:16Z,8,5,155
27f138b5-c48f-43ff-b39f-40222ff5ae21,incoming,2019-04-24T08:51:18Z,4,8,135
d7c2251b-46b5-415e-9998-0273679db32e,sale,2019-03-14T20:22:02Z,3,24,85
05304860-4e37-48bb-8722-2622168cbb92,incoming,2019-05-20T08:32:11Z,2,27,42
fea5e46e-ea71-4864-88cd-298cfa1d6362,incoming,2018-12-13T05:38:38Z,10,4,28
7a640cf7-4c9b-4227-a052-58b31e670f33,incoming,2018-12-27T06:58:10Z,2,5,51
201904bb-de42-497e-b4eb-8bf211212a23,sale,2019-03-23T07:52:21Z,5,15,138
06c8e24b-9f98-4da9-9c9a-0878f7c1b11e,sale,2018-10-19T17:42:07Z,2,16,126
c7ffb4ae-8469-46e9-9ef0-f7d042c3c733,sale,2019-05-08T13:11:04Z,1,20,152
77627b6e-d043-41bd-8327-af9875032c7c,incoming,2019-07-23T11:34:52Z,1,11,20
d3225b71-3d57-4015-be9d-78c01553d7ed,incoming,2019-02-25T11:55:54Z,10,1,76
43d0790f-cf8f-4818-a641-8f5e5d98a28d,sale,2019-06-12T08:23:29Z,2,17,94
97544175-fd32-400c-8ccd-89af6b448920,incoming,2019-07-18T16:29:44Z,5,14,11
fb9473e2-2081-4d25-a4e6-efadaa7c9372,sale,2019-07-27T04:36:47Z,8,10,47
60283e8d-abab-4d8d-885a-b6875b416ad5,incoming,2019-06-25T11:10:30Z,7,2,133
2bf6484b-3078-4600-8db1-323431493e86,incoming,2018-10-31T10:55:42Z,3,1,161
51cb8ed7-ed36-45fe-9762-50ae094495f5,sale,2018-12-29T13:28:15Z,3,4,138
7e65e02b-4eb7-4ba5-b18d-e85ceeee49d6,sale,2019-04-13T07:38:29Z,1,22,134
63ffba1f-1a9c-4bfc-b2a0-367f67f5123d,incoming,2019-07-18T09:48:32Z,3,4,138
290a7cf7-86d9-45d2-83ba-dceba0facd22,sale,2019-03-18T05:50:14Z,7,25,128
62c7aaf6-0537-4de3-a389-d12a8a3875c1,sale,2019-02-24T22:30:09Z,7,24,120
d58d2a6b-93c8-4382-9a9a-47980f1717c4,incoming,2018-12-21T03:10:51Z,10,8,46
f953a388-9a66-400b-921b-410e82a7e7db,incoming,2019-02-22T18:46:03Z,2,2,90
49a08cfe-052c-49b2-801b-052c53b5fa3d,incoming,2018-10-02T09:12:51Z,7,20,66
c40e248e-f6d4-4e95-b06b-fa5d2efe17dc,sale,2019-09-14T04:40:13Z,6,6,137
a6ee87a8-0324-4b3d-8974-fdd7ef665358,sale,2018-10-19T07:35:19Z,10,23,167
a67bc01d-69ea-43fe-8049-e65f3e05cdf1,sale,2019-07-03T13:47:01Z,4,6,109
19a9e5eb-aea3-4a80-b1b3-ed0420bc1f97,sale,2019-05-04T21:32:57Z,6,21,198
3e913150-1bae-4b9a-a248-6f7e68b18a37,incoming,2018-12-27T06:24:45Z,6,17,107
03da1e4d-2504-4a4f-8129-604ed9143998,incoming,2019-09-13T22:47:49Z,3,24,180
81130b03-6e5c-49fd-9d34-5d37cc1a66ce,incoming,2018-12-28T21:23:05Z,6,10,99
7421cdad-be8b-49a1-81cd-7994a965f161,incoming,2019-06-08T10:56:15Z,8,17,160
8aa39ad3-046d-40f3-9f2d-530e8053e2ff,sale,2018-12-02T01:42:11Z,1,18,9
0361acbf-3692-4220-95e8-c67bac1003fe,sale,2018-12-17T03:41:00Z,5,10,155
cb58dfe2-8d90-4470-8c0e-2a1a1edef67c,sale,2019-08-18T20:13:35Z,3,30,195
9b0c81a3-d348-4f4c-8549-e1871fcec2fb,sale,2019-09-05T23:08:03Z,10,5,47
21884d93-8fd3-4e6b-8990-94c922885274,incoming,2019-04-20T04:12:55Z,5,1,5
b04b4a7f-a560-4f2b-a4ed-7e17bcee9c24,incoming,2018-12-02T19:03:38Z,5,27,51
979a74b1-26b2-46b2-b84b-2c1431bc5c5d,sale,2019-02-05T00:06:41Z,5,10,26
27f71d39-c0eb-401f-89e0-542149f508d6,incoming,2018-10-19T13:49:27Z,3,30,18
89573a34-0aa2-4aec-b851-bfaad8abbf99,sale,2018-10-18T05:15:06Z,3,24,106
ffa4f576-6b4f-4dc6-b543-d0b104e9d314,sale,2019-02-20T12:05:26Z,5,4,41
6eed0442-9bc4-496e-9507-cb04754c6bc6,sale,2019-09-24T03:23:44Z,5,9,109
282bd3f5-c0d3-4f50-a473-a35dfd8adfcb,incoming,2019-01-03T09:48:01Z,10,14,126
a7c1120a-71a9-42cc-b843-6428fe764d55,incoming,2019-02-18T23:41:07Z,1,22,191
73e4b973-6ba5-4416-91a1-f4f14681756f,incoming,2019-02-04T11:44:48Z,8,5,191
20f54545-9a4a-4097-aef8-800d1181327f,sale,2018-12-26T04:34:29Z,4,2,116
d29ecbd4-bbd5-4cb0-92db-c620faf48b1a,incoming,2019-01-22T15:10:02Z,2,8,96
cf7e0075-9310-4267-82eb-9f5f81e4c667,incoming,2019-04-09T14:03:44Z,2,25,63
0afd0522-8a75-4e51-9e5f-adf1a902ec54,incoming,2019-01-14T07:53:27Z,6,23,58
c8ce2cca-1fd0-4477-8d69-1df556c6cea8,sale,2018-11-07T06:32:12Z,4,18,64
3920976a-56c0-4f36-9f6a-2bfcb33f6269,incoming,2018-11-11T20:25:25Z,5,13,122
b7eb165e-7248-4799-b05d-49caed234ba6,sale,2019-02-09T01:12:07Z,9,14,195
2a137a9c-f39f-40ae-a369-1e40cf06d4ea,sale,2018-11-25T09:24:16Z,3,25,158
db49aa95-36f2-4323-b41d-eec07dc3d0c6,sale,2019-08-03T00:56:00Z,6,9,101
2925c388-bb2d-4c0f-9a88-10feff612416,sale,2019-02-21T16:14:11Z,8,17,176
e7aa2519-2b64-43e9-80f4-85c45f12bed6,incoming,2019-08-12T08:05:14Z,7,12,97
672ad941-f749-450e-8528-88c9f6dcdc3c,incoming,2018-11-12T06:34:18Z,5,11,146
8c92c0e9-0e75-4472-90da-e74ff7859f4f,incoming,2019-06-24T08:45:43Z,9,12,5
1be26703-2470-4eaf-af01-d3e4aab6978e,sale,2019-07-06T07:32:55Z,6,7,154
77b6b582-4e63-420b-8544-1a8576eb420c,sale,2018-11-20T07:49:49Z,4,6,153
f7e52271-79d0-45f2-8bbd-64d0ce130e70,incoming,2019-09-01T13:59:07Z,7,22,136
07af728e-ee2b-45ac-bca8-6cc7c88bb0b0,incoming,2019-02-08T06:21:07Z,7,16,157
fc28ffa2-6f90-4990-8928-12e8f7535c0d,incoming,2018-12-13T21:24:22Z,4,29,106
31ada537-8d01-4d96-ab2d-2b9d458d4561,sale,2019-08-22T22:41:39Z,2,12,91
478c3545-3550-4457-b866-e2e8193c1ec0,sale,2019-07-02T17:49:36Z,3,7,157
c3f01155-9ca1-451e-9524-d67c34c30d05,incoming,2019-02-17T03:35:26Z,6,15,88
7008b544-14ab-4571-b447-a5596f9db9f4,incoming,2019-05-21T08:32:43Z,8,16,114
430c86c2-3e1f-42db-8012-f27e2b1a0e0d,incoming,2019-04-25T21:38:29Z,9,3,2
9772cb03-4277-4741-897d-c9699c60dcec,incoming,2018-12-04T02:57:38Z,9,7,16
a487cec2-fa89-4629-924a-cbf39b0920ae,incoming,2019-06-30T02:11:11Z,6,14,168
6b98a00c-f74b-4dcb-974e-6f84dec45e69,incoming,2019-03-06T18:30:43Z,7,2,6
7c9a2962-204a-4629-84bc-bd46e3978e43,sale,2019-06-22T10:55:40Z,5,26,57
b4f277fe-edc2-4889-b43a-dc09979c4021,incoming,2019-04-18T05:51:34Z,6,18,109
23b43b3a-c23b-4bbd-a5ed-4a0e27111595,sale,2019-01-02T21:08:19Z,4,24,142
41ea71d7-4b1a-4d35-9101-97894d5ac721,sale,2019-07-07T11:08:28Z,5,3,55
d2c92ae2-e07e-4d4d-aa9c-b643fc8d6808,sale,2018-10-23T06:22:38Z,7,7,28
7e1776d7-7c9c-4e9f-a7dd-fe8a1f14d7d4,incoming,2019-09-11T20:29:30Z,6,24,65
d6ff9154-54c1-403a-92e0-271d343ec6aa,incoming,2019-06-16T10:13:22Z,7,12,24
65555494-53df-4640-9e67-098777ea5555,sale,2019-08-23T20:01:53Z,1,17,33
7ee86226-3fef-42d0-bbf4-f8dfea80c5d5,sale,2019-07-11T21:35:05Z,8,24,65
26e2c0a4-abf0-4dea-b6fd-eb176b69460d,sale,2019-05-02T22:58:45Z,8,26,68
c32ef0a3-81d7-40ed-a4f5-6b83b7daeea9,sale,2019-09-09T18:10:31Z,4,28,49
ec673b3b-6d1c-4be9-8163-cdd9e486a861,sale,2019-08-31T10:16:59Z,4,2,69
13824e54-6bbe-4257-b6c4-4766d300bb5b,sale,2019-01-26T12:44:15Z,7,19,126
4eeadd84-ddfd-4532-9b33-913f2e90b31c,incoming,2019-06-09T00:28:07Z,10,8,53
c3307185-8d2b-4e6e-8c7b-e54fd3a76569,sale,2019-07-03T20:43:59Z,10,4,22
d598e195-8370-4c2b-b494-d93e974edfb1,sale,2019-02-09T06:27:47Z,3,23,64
17476844-8436-44bd-889d-744a1d6c0c2b,sale,2019-07-16T04:15:34Z,5,19,181
a4cf831a-9b22-4f32-bbd3-21cda78e8010,sale,2019-09-26T19:02:24Z,8,19,114
4dcc0321-8129-4223-91c6-9a4132a56a68,incoming,2019-08-13T14:09:47Z,8,10,42
8d12c7c8-3b86-4b0b-a181-6d759b9ee906,sale,2019-08-09T09:03:04Z,9,3,58
31c4fcb6-91c4-460b-a3f4-ca9044f08d94,sale,2018-11-08T01:40:02Z,6,10,140
d2d71ade-3b52-40e0-8617-a7f45f13b9d8,incoming,2019-05-27T03:16:39Z,8,19,186
bc9b761a-593a-492e-806b-a8386b0ebf09,incoming,2019-07-15T03:29:59Z,3,16,141
c3617c8d-9755-48c4-a0c3-386ca0bd71c2,sale,2019-08-17T21:05:39Z,6,8,185
10e6e429-4cd1-458f-a0a5-89d1f11a4c37,incoming,2018-10-20T23:13:03Z,10,21,36
e80f28bf-494d-49d0-9c97-ad0fab7c18c9,incoming,2019-05-02T18:16:54Z,6,24,9
dbef77ef-e2b7-4644-806c-a950eeb7b184,incoming,2018-10-29T17:29:08Z,2,27,110
3904b437-f0d5-47b3-818d-613c6a5590de,sale,2019-06-01T09:15:05Z,8,15,11
6ccf0010-fd31-47ca-be01-2be596bb84e0,sale,2019-02-25T16:29:19Z,6,8,125
7e3abac5-c45e-43fa-ad17-2a316b9b9e4e,sale,2019-06-01T01:50:36Z,9,24,21
5ee715ff-396f-4572-a9ef-a75b9e09ad0d,incoming,2019-07-22T11:40:40Z,6,11,139
f4cd993f-6e38-4f22-b4c6-08e86240057b,sale,2019-02-03T11:10:07Z,9,27,37
c47dba78-765e-4fc4-9a9a-fdf372fffecb,sale,2019-07-11T02:38:40Z,1,8,87
4e2fd8dd-b176-4a62-b3d0-1549faa1927b,incoming,2018-12-09T17:58:24Z,5,27,109
c680ffd9-8a7e-468d-bdc2-2b4f2bf5fc38,incoming,2019-05-22T21:08:50Z,5,23,157
3e3eea76-42ef-440b-b7c8-3d7d92ceae86,sale,2018-10-10T01:18:11Z,6,17,62
bdafc202-5c47-4597-8954-667a0b467eaf,incoming,2019-04-29T10:52:55Z,3,29,24
74c9afd7-3c35-407d-97c4-32ae26a85078,incoming,2018-12-27T23:39:37Z,4,19,160
3de4a92f-ef6e-4b87-9e4c-aff8fbf8d400,incoming,2019-01-27T16:37:14Z,2,26,188
a2393927-c251-4f73-8aba-f0f1ceb86e38,incoming,2019-07-10T16:02:44Z,9,10,155
c9bb383e-cd86-4a09-83f0-c9c474daa7ac,incoming,2019-01-16T16:34:21Z,3,1,58
262ae185-e142-40ff-b79b-f3f8a69bf397,incoming,2019-08-07T01:37:07Z,3,27,72
ffc04af7-7390-4edd-872d-eed72b61da68,incoming,2019-08-04T08:46:04Z,2,26,7
aa3be0be-03d5-4610-89e6-2548db05943c,incoming,2018-12-04T21:55:54Z,1,9,163
2569bedc-c494-4c78-bbd1-372dfe047348,sale,2019-08-27T05:24:24Z,7,30,130
f92f09e0-e338-4d58-aa53-5f3d102dba9e,incoming,2019-08-23T20:53:49Z,3,18,29
f94cb235-ab7e-448b-a281-453d203a5e45,incoming,2019-06-26T07:06:37Z,10,4,105
f8a47fa8-bd5e-4b9e-a669-ea99911a89e1,incoming,2018-12-20T18:30:34Z,9,6,173
326a3e18-0fcb-4195-8176-096fb8ab8127,sale,2018-11-05T08:35:04Z,8,27,157
381c5018-e8cc-4d06-aabf-79acc8459973,sale,2019-02-27T20:06:59Z,8,9,35
4477e8b6-b0ac-4e48-afc0-79ab4077307d,sale,2019-03-28T15:51:06Z,9,19,37
47b1517c-f016-4620-8e0b-2477a4494a14,incoming,2019-09-13T00:40:29Z,7,16,26
5db585da-b755-44f5-8969-eaa9b4017e26,sale,2019-05-27T15:57:03Z,10,20,159
21c30ee4-1355-48f8-9dd3-9e7a7957a770,incoming,2019-05-08T01:00:51Z,8,14,198
c87d2b48-dfbe-47dc-8c8c-096013b9539d,incoming,2019-01-17T03:08:53Z,1,10,138
d43d4e68-f390-4f92-b4b2-122e08f6f09e,incoming,2019-01-29T15:06:12Z,3,5,71
a836ac60-f4fe-4b43-8fe9-5c7ce9ea8cf4,sale,2019-04-04T17:28:41Z,6,29,179
2407b5ad-cbee-40d7-aba6-a093ad084824,sale,2019-09-25T22:20:46Z,9,10,115
d908c2ca-2ea6-4b0c-8aeb-da676aa3a76c,sale,2018-10-31T14:39:25Z,9,10,87
f14ebafc-9fa7-4226-b534-3bd4b68b4118,incoming,2019-07-28T16:07:25Z,5,25,138
c572ca4e-853b-49fc-afb2-5ab0d1dc4fd5,sale,2019-09-26T18:50:09Z,10,21,111
39e6595d-f283-4603-a36c-f3dd6a859e56,sale,2019-09-21T19:21:04Z,2,9,80
1d537576-b8bd-4792-a7d3-0a6b83d7408d,sale,2019-08-17T16:25:41Z,9,20,157
c630d0d8-fe13-4952-8cfd-39c391bd0193,incoming,2019-08-25T09:48:04Z,9,17,64
a9e851be-61f7-439c-9b62-38f1213a4a5f,incoming,2019-09-14T23:51:18Z,2,26,97
11b9404d-40be-46fc-b88a-b1a049a218de,sale,2019-09-19T18:40:10Z,9,26,44
96756c89-5f10-496e-b267-4a7f7153e87a,incoming,2019-07-15T04:17:01Z,5,16,57
bc0becd0-2bca-408f-91be-f20418d8b732,incoming,2019-03-13T16:16:04Z,7,1,154
af24994f-26b9-48a3-b8ca-be87639c670d,incoming,2018-11-14T05:55:01Z,6,10,117
c02f5072-b94f-4a10-8bb5-c20b5cae6a8c,incoming,2019-05-19T02:13:37Z,8,21,161
520d8da4-f451-4717-8696-bac04453774e,incoming,2019-09-16T12:58:53Z,8,28,149
d615135c-b31e-4cd9-a5a1-9e7034ce8f2f,sale,2019-07-28T00:10:02Z,10,21,189
fd7b7808-41ea-483a-9767-89100321c6c5,incoming,2019-01-01T02:04:33Z,9,29,48
ebd99896-d09e-4784-85e5-69164a4691a7,sale,2019-01-24T15:44:28Z,7,11,28
2b003934-3480-4af0-8951-e7058423c8f1,sale,2019-01-24T22:40:49Z,10,23,190
7c9059aa-d5c0-4812-baae-d7c051cb5706,incoming,2019-07-01T04:43:26Z,2,7,73
6cebd8cd-f799-4ac3-84c5-e34bd0dc2155,sale,2018-11-05T12:33:46Z,3,12,37
5d38947b-9c2c-4b26-837d-939a2638a9ce,incoming,2018-12-25T04:18:46Z,2,2,93
51d2e17d-7165-46dd-ae42-8dc5821d65ab,sale,2018-12-28T09:18:58Z,4,1,111
def6c435-a6ee-4170-a428-cd40e0747d9c,sale,2018-12-20T08:13:50Z,6,1,114
abfee09a-1433-4236-ac54-6ad91ba1fb4d,sale,2019-08-17T09:36:27Z,9,28,73
58261a6a-7846-4cc9-ae71-45b2ca9bcafb,sale,2019-07-09T05:44:47Z,5,23,141
e931173d-d29e-4006-8cf3-f713e49189e5,sale,2019-03-22T17:36:31Z,3,23,51
4ec105b3-480b-4b14-934e-d79957106878,sale,2019-02-12T05:02:55Z,5,29,195
a54f18b6-c989-4144-bbb6-a9623a18f030,sale,2019-04-07T02:09:23Z,10,27,132
c630826b-ecf8-42c2-8d18-08731a7e3f44,incoming,2019-04-22T20:53:12Z,10,1,53
77e4f679-f2af-43a1-8dee-f88a40dc93f3,sale,2018-12-17T09:41:47Z,2,3,113
138b5808-048d-49ba-9891-30d07f0f9f95,sale,2018-12-29T00:43:30Z,1,18,140
4e9a2491-8ee4-4d05-b14a-9c27d136138f,sale,2018-10-24T21:13:55Z,10,16,105
db3814ce-9d5c-4dac-9e57-05a0bcd39e55,incoming,2019-03-21T10:24:44Z,1,12,128
82c7458b-f5c6-43f0-a37f-beba5c7f1b5c,sale,2019-05-14T01:37:50Z,4,20,129
a526abb9-af41-484d-822d-5f59a5355185,sale,2018-10-06T06:29:52Z,2,20,71
65be7974-0084-421f-b171-f3b07ec08124,incoming,2019-01-23T04:09:59Z,1,27,33
66135013-2025-4231-a3f8-5a6f548a52a7,sale,2019-06-09T11:13:08Z,5,21,83
2ca00091-4107-4248-b354-522bc6343b9a,incoming,2019-03-03T23:24:57Z,5,30,47
7d422c14-0763-41e9-a351-a781b43d7321,sale,2019-07-12T15:28:50Z,9,27,82
13289a95-59ce-40ac-965a-29dee72a58fc,incoming,2019-08-21T13:14:35Z,10,12,78
14f30a37-d8f2-4fb9-a683-e4b7b7c6df68,incoming,2019-06-22T01:30:01Z,6,26,29
ef326e8d-0d48-41b9-abc5-a533147ee63e,sale,2019-01-21T14:17:54Z,3,1,97
84a3d9a1-b012-40cd-a6da-0b1880e54195,sale,2019-03-27T16:39:37Z,3,22,143
749528a6-663f-4f5b-9f82-0fc5fad135b6,sale,2019-08-28T04:33:19Z,6,11,128
e75ce8fd-7bbd-4e3d-a97c-7318d3f6c434,sale,2019-02-25T03:34:43Z,9,24,113
702826d2-4270-4a71-8772-0a2d4335a3ba,sale,2019-06-07T10:52:58Z,2,17,63
2a648ee3-b572-4e77-b37f-f5872c8bb5af,incoming,2019-09-28T21:08:45Z,7,13,48
34c2f1a5-0a81-49b1-9577-4814c03bfe92,incoming,2019-03-09T00:39:05Z,7,10,97
f8ef95b8-5192-432c-8a9e-32205dfe94cf,sale,2019-05-04T22:20:45Z,1,15,194
100c0ca6-0a97-4975-80ae-e6d2b88fa5ef,sale,2019-08-08T05:38:36Z,5,22,50
bab917bf-8d95-47e0-ad71-3d6a66512123,sale,2018-11-21T21:55:03Z,9,5,147
ee46cc64-d6fa-4a65-81b7-0dcc33bfd177,incoming,2019-08-08T22:49:03Z,1,3,191
29f6a0d5-52fe-4678-b19e-3e489038f9d6,sale,2018-12-27T04:09:26Z,5,23,59
cc8765b6-b8f0-40d0-9615-567af9eb6e03,sale,2019-04-05T13:54:05Z,7,20,141
7c3d7330-b7eb-4ee6-a7db-e16d2307599e,sale,2019-02-17T08:52:53Z,9,23,182
a4dbd299-fc07-41ab-a712-a67026eb658a,sale,2019-06-29T21:11:48Z,3,16,93
e7dce02e-e894-47ef-b300-086e184bc26b,sale,2019-08-24T01:31:02Z,7,15,190
742570cb-0db3-4a78-bcb4-19e011986b0f,sale,2018-11-11T17:35:04Z,3,10,131
16288182-3324-4fe0-8ba3-5afcbcd15a06,incoming,2019-01-02T06:00:42Z,4,10,141
228f7abf-6685-4bfb-979d-45532b359c06,sale,2019-03-20T09:25:40Z,9,14,149
f34eea24-d61f-4d3c-8964-24e694fd2fbe,incoming,2019-05-12T10:41:07Z,10,13,165
2e86cef4-d991-43e3-b2b7-2a27eb88d7c8,incoming,2019-03-15T11:15:31Z,7,10,163
42a4ffca-2d0f-427e-aca9-723f4ae704f2,sale,2019-09-22T01:38:21Z,1,26,141
eb22aeb3-3a3a-444b-b789-8213605912e4,sale,2019-03-01T10:52:59Z,8,20,51
f2581c03-6fc8-452a-8842-73909b9c3b82,incoming,2019-01-06T10:02:54Z,2,17,128
d86e7e04-526a-4e03-bc74-a13cb6be18ec,sale,2019-01-07T04:38:50Z,5,17,164
234675a4-348d-4df4-852e-75fb56c8ef44,incoming,2018-12-03T19:39:01Z,2,24,112
9bc3416a-ee0b-4a62-9be5-5441d2367726,sale,2019-05-26T13:01:12Z,1,8,27
f11f4c10-b9d6-4cd3-a79e-05287032b40c,sale,2019-01-08T18:24:59Z,10,24,50
6822498f-9483-4cc6-8904-8483d0dd5eaf,incoming,2019-05-02T07:01:37Z,2,23,31
c1750aa3-750e-44af-a745-b22b8ae17518,incoming,2019-05-05T22:31:50Z,5,16,12
c2b4d856-cd55-4e64-b60a-fee48c97b868,incoming,2018-12-29T08:35:13Z,9,21,81
7b372ad4-43ad-4f06-b183-c7655cfdb289,incoming,2019-07-14T01:40:10Z,4,12,195
5115a0c5-ce5f-485e-9f52-178025b4f6ac,sale,2019-06-05T10:02:58Z,4,22,58
fef987de-928f-4068-b43f-1d14f55587cb,incoming,2019-08-26T21:22:52Z,4,10,136
54d9cf07-213f-4c7b-a37b-cc016b491f4c,incoming,2018-10-24T02:28:17Z,4,21,99
9bfad061-cff9-4b3f-a2fa-306e347286b6,sale,2019-09-26T16:59:55Z,5,9,85
e2963646-2bae-4812-b2c2-6d23c31531ad,incoming,2019-05-18T22:57:54Z,5,21,18
0915d9cf-0575-4873-940c-b463bbb7fa29,incoming,2019-02-16T03:55:30Z,10,5,152
6241fbb6-a05b-4d58-a33c-407a1c1b291e,sale,2019-04-01T02:50:57Z,7,17,126
cbf7b924-c066-407c-957f-ccd798e36679,sale,2019-07-11T22:31:38Z,9,1,139
bd0f8b01-1b9e-4cbf-bec3-15162b70e9d3,sale,2019-07-22T12:38:18Z,4,26,103
8433e300-5391-4f2e-9410-b6decd99a0f6,incoming,2019-02-28T22:49:00Z,8,20,59
9861dae9-c2fd-4e02-84a0-86947a2e7d22,sale,2019-01-06T20:41:38Z,5,22,137
d2131af0-7821-4c69-8bd2-28849304a37a,sale,2019-04-18T03:37:00Z,7,20,133
73e6581e-8c65-4491-8334-457a810c89af,sale,2019-09-26T08:07:29Z,10,29,33
8e208164-fc71-4a7a-b2f4-49767c8fc896,incoming,2018-10-08T03:38:38Z,2,9,185
e2468abd-268b-4d29-91bf-26d72c4b6196,incoming,2019-01-02T16:05:25Z,3,12,76
fda04a40-b71b-48f7-83f8-b87f4a7a0c5f,incoming,2018-11-27T23:30:51Z,7,22,90
e42f42e3-599d-404f-8f82-00aeab8212f2,incoming,2019-09-20T05:46:01Z,3,21,1
d192fe4a-5fdb-4cb6-a549-b4472b9f8134,sale,2018-12-30T06:39:24Z,8,24,126
79bcfa07-e389-49b6-a61c-9436da7327db,incoming,2018-10-27T22:30:48Z,1,30,69
d39c0795-e454-445d-9b76-776ff7cfb124,sale,2019-04-23T19:54:16Z,3,29,155
d2228cf3-26db-4c6f-bb7d-6169e2839e3c,sale,2019-02-12T01:55:45Z,2,4,181
44738f76-e2c0-43ab-a238-4b9c18e83d68,sale,2019-03-25T01:20:15Z,2,4,173
f00cb5ab-7d75-43bb-8a89-fa1015b29fb7,sale,2018-10-20T12:54:02Z,7,18,126
c1d71234-e3b2-4e80-be81-02922abba825,incoming,2019-09-26T12:58:08Z,3,30,157
bf79d60e-d34f-4262-bc4b-8ed34063445c,incoming,2019-05-16T23:29:46Z,9,27,128
21ffef9d-e950-41c6-8fc2-00cb6d5c29d5,sale,2019-02-06T11:31:37Z,3,17,77
03f3fb54-22f6-4841-83d4-06c339e28309,incoming,2019-02-10T10:57:01Z,9,18,143
6a3f86d4-0ac1-4c02-b296-65d80cca8995,sale,2019-03-11T05:51:10Z,9,2,19
75e17995-8298-4347-8c75-95d61c10145d,incoming,2019-02-08T03:23:39Z,2,24,94
5bff9733-32c7-4997-8b20-bd0294e5a3d2,sale,2019-06-06T15:09:41Z,8,9,108
6b16c92a-c963-4eb6-a6e5-2c3e783a4bbc,sale,2019-09-07T04:54:56Z,7,27,19
14261b26-2dae-4cff-b97e-ca92ceaf8c6c,incoming,2019-08-15T20:51:14Z,4,11,61
9b71d3e4-1b72-4d91-a9b1-2bda720f8e50,incoming,2019-06-03T22:35:30Z,9,15,8
4aa92250-ed5c-4261-9743-8b259840e4fa,sale,2019-02-19T15:41:38Z,3,28,117
797e0654-cc94-4766-aefb-2c0cc3b53382,incoming,2019-05-26T16:01:24Z,3,13,19
20dbebf6-9b53-47d6-a100-3c81f04f136a,incoming,2019-08-22T15:10:24Z,6,25,31
71aa8642-7fc0-4657-ada9-8098ecbfa4eb,incoming,2018-10-06T10:40:29Z,2,5,119
459521d5-9f2d-463c-a031-c2cb41f4179d,incoming,2019-03-16T08:38:12Z,4,27,188
510f315c-220b-4734-8f6f-96aa6b4c2810,incoming,2019-06-08T20:04:49Z,3,15,62
15e328ef-8f27-47d7-b5fb-9fd870644876,incoming,2019-07-04T18:43:08Z,4,16,184
85a5ad6f-7e8d-41d8-a5e4-96e3620cf607,incoming,2019-09-15T20:30:39Z,1,9,37
6fce2fd7-53f5-4bc2-8bc4-bf079fa944b4,sale,2018-12-06T13:07:09Z,1,18,104
271de00e-7310-458f-9397-035cee7d5775,incoming,2018-12-25T04:55:48Z,2,7,178
d45ebe24-4e0b-470b-9b43-f72032f3d397,sale,2018-11-16T19:41:35Z,7,30,186
8f34e300-0775-46cc-a283-8b0beda18b36,incoming,2018-10-12T22:30:54Z,2,27,169
1f600700-9493-4f88-9ceb-da3a5681a647,incoming,2019-08-12T10:00:13Z,6,26,130
640a95c6-05d1-4e0d-8d49-f5c5d8ff01d6,sale,2019-09-03T11:11:15Z,4,16,161
fbfd6bfe-1e39-468f-b792-da9a784256e7,sale,2019-01-14T04:03:53Z,7,25,75
fac79f2b-ad2a-4a7e-9bd7-f50f57c60d51,sale,2019-06-22T23:36:04Z,4,17,177
9f7442bc-e4a0-4756-bf94-fdcf7b5c69fe,sale,2019-07-11T10:21:35Z,9,30,175
92723f37-157f-4233-9711-5368ebc78cc2,sale,2018-11-27T08:09:19Z,8,18,16
93fb3ad2-6506-403c-9191-67acea21a185,incoming,2019-09-19T10:03:53Z,7,3,60
f8c2c2d6-ceee-4e7d-b4f9-6d5afc937cf8,sale,2019-07-01T00:26:49Z,5,28,40
24fb75f2-1776-476e-b9d2-e308183b92f2,sale,2019-01-15T06:29:28Z,2,21,49
bdc0f39d-f0fc-4b48-ae0b-2eff7d239786,sale,2018-12-19T17:55:59Z,9,1,8
e4aa677a-389e-432c-bb70-f5d0943b35e0,incoming,2019-07-08T13:48:37Z,1,25,157
0a9d1df9-dfba-4b0b-8560-766d3cb58d12,incoming,2019-06-17T11:21:09Z,1,27,51
01976745-c66b-4672-9754-109fbb18839f,incoming,2019-09-25T13:29:20Z,3,23,2
38d1df79-7a96-417b-8d57-ab6a6e010214,incoming,2018-12-23T20:46:27Z,10,6,35
5a7da343-cb51-4fac-a8a6-3546054f4581,sale,2018-11-14T11:49:21Z,8,6,72
857f82ed-5add-49ba-aa2f-23172822f46a,sale,2019-03-07T19:09:20Z,10,25,32
92bf1879-6c3f-403d-9614-9fefc95fe9c1,sale,2019-07-12T18:46:52Z,6,16,32
2e21cc7b-cf9c-46f3-b89a-e359bf8e65af,incoming,2018-11-11T02:00:01Z,7,7,74
97a8fac4-65f6-45ce-b8d5-634cf84c1393,incoming,2018-10-01T09:51:38Z,6,1,51
0753de5d-2568-4391-a3d4-3a1e4ae2d0d4,sale,2019-08-08T23:58:44Z,8,3,84
fce945cc-64aa-43a5-b6bc-977e21e2a0ca,sale,2019-04-10T09:59:07Z,2,18,47
4dda0639-d969-4a7d-b2b5-e3f519df75ee,sale,2019-06-21T11:24:38Z,1,26,199
c8b3e88f-6cf9-4433-ba08-075e5dd8578b,incoming,2019-06-09T09:37:11Z,10,12,174
d367de25-bd50-4348-9399-51224b68548b,sale,2018-12-09T04:46:04Z,3,13,192
df4bd0d0-f196-4d6a-bceb-d35ce41aff86,sale,2019-06-15T03:35:41Z,6,20,119
12691036-d649-4d76-a270-371f63c714ab,sale,2019-09-20T09:33:36Z,7,25,45
aefb65a5-2042-4a60-a18d-47f4a9fd134a,incoming,2019-06-28T01:57:46Z,2,18,51
83fc6d4a-2d31-4902-bd97-a0615419e9f3,incoming,2018-10-13T17:30:13Z,2,4,6
02b49b50-6d49-4fa5-8816-773babefc5e5,incoming,2019-04-14T09:25:49Z,5,13,126
af2b520a-718d-47ca-abd9-cdb3880efd29,sale,2019-09-20T21:33:05Z,8,21,131
c2a9fa55-cad4-43f8-93f1-6d0b8bca91e7,incoming,2018-11-25T11:05:08Z,7,30,41
db374687-ea75-476e-82aa-ccf7cee53bc0,sale,2018-10-27T07:57:31Z,7,4,34
8f5a29a0-ce1b-4617-8be5-7de0d921d261,incoming,2019-06-21T15:20:31Z,10,24,156
3d7d6c1c-2839-4366-9608-927925f23eae,incoming,2018-11-28T05:43:37Z,8,1,128
028e52f6-3061-4b22-927f-472e6ea8f4b2,incoming,2019-01-19T10:14:38Z,1,1,1
d060a534-65dd-4560-b935-7ecb60ffdf30,incoming,2018-10-07T01:27:41Z,9,29,159
b7a91bab-559d-45a9-98c8-cfb681fa9c9c,incoming,2019-06-14T18:31:39Z,10,26,77
008c669b-3941-493b-9a52-9ae04ad6b74d,sale,2018-11-15T08:32:58Z,8,9,121
7bb513f1-f271-4e50-a7d4-0d8091fb8b05,incoming,2019-02-07T01:57:01Z,2,19,94
b53d7bf2-dff4-40f1-a59f-72a780dfda7a,sale,2019-08-25T19:02:06Z,9,18,47
acdeacd4-887a-453b-b0b0-ba4ac94a8a90,incoming,2019-09-26T15:13:13Z,5,3,174
d0b66fd5-9fa4-40ee-887a-2913513f4c9f,sale,2019-07-14T20:18:41Z,2,26,189
dcac625e-5fa9-4aa7-9bb4-1a9515c92703,incoming,2019-09-04T16:02:13Z,2,2,25
63cb143d-d2dd-4e00-a922-3acd3a174b85,incoming,2019-04-28T03:57:16Z,1,11,129
fb72d892-ba31-455e-82f9-5e782eed1ccc,sale,2019-05-17T11:28:57Z,7,23,77
49b7211d-5ceb-43f7-b040-ed659b135b40,sale,2019-09-14T14:30:55Z,2,14,141
ba707be5-7934-4f76-b69a-fd27263fb0b1,incoming,2019-06-29T00:46:51Z,8,18,57
a6db8270-6277-43a4-a1e9-91b32e7b98b7,sale,2019-08-12T23:32:10Z,10,28,90
8045754e-a2f6-477f-8dae-119374052bc3,incoming,2019-02-27T03:12:25Z,9,5,124
40394eb7-67ca-43bb-9017-118908b10b81,incoming,2019-05-14T20:44:16Z,5,30,28
0713476b-b8c7-44e3-aaa6-2868f8168427,incoming,2018-12-19T02:36:10Z,6,25,158
b77f8452-8134-40c3-91c4-083a3aee11f0,sale,2019-07-24T14:15:26Z,2,26,149
f7f69a46-81e4-4b37-8a20-2c66f5bb9a6b,sale,2019-04-30T15:28:38Z,7,10,3
6a0af541-c9fb-4869-9fef-fe6dd3c875ee,sale,2019-07-11T05:56:08Z,1,29,19
984ba1cf-730f-4cc4-aa6f-c9d17d0a5e03,incoming,2019-08-14T21:50:05Z,5,3,30
b52ab95e-22f8-48e5-aaac-7b24fb41e3f6,sale,2019-02-27T18:06:41Z,7,26,37
7d4954ed-cd53-4547-bc50-b0d96877f74c,sale,2018-11-20T17:41:14Z,3,27,124
2d847adb-29af-4340-bed0-d8ae2e8a5bc3,sale,2019-06-20T11:32:53Z,1,30,70
653cc49a-c039-472b-803f-1b1f68b364ed,sale,2019-08-14T14:34:16Z,4,12,22
ab6e14da-410e-4fb0-a5af-41746f710d02,incoming,2018-11-15T03:44:44Z,6,20,185
68221bc3-a4d1-474e-a84f-8110bb82a366,sale,2018-12-22T15:44:48Z,1,16,122
20d0fdd5-6aca-4673-bea4-2ccf0d69ac9f,incoming,2019-01-30T14:56:26Z,5,15,20
0bba7cd5-041d-430d-850c-af4d70082ec0,sale,2019-01-30T14:17:57Z,6,8,86
590476bf-1b3f-47df-a8ec-0bac86be4f03,sale,2019-04-18T15:36:39Z,4,2,108
d261cb15-d987-40f6-a099-edf69f2b96a4,incoming,2019-09-13T21:27:18Z,9,22,175
879fb3e5-2e73-45df-9212-be7d8103bfc4,incoming,2019-02-26T10:13:12Z,1,5,56
2c40faa0-cd58-4bd4-9734-b3f2bfdef89f,sale,2019-05-21T20:43:52Z,8,28,26
9b75e475-9013-4ff9-be8c-179feca3d15f,sale,2018-12-21T16:20:27Z,1,19,192
39155183-2f74-4989-99b9-ab8f8c7ccbde,incoming,2019-08-31T19:50:20Z,7,9,113
44a7eec0-b0c7-4a5a-8272-3d3d3e790a2a,incoming,2018-12-31T16:07:36Z,2,28,32
4252cf89-5536-4814-9be5-cf7a01a0a089,incoming,2019-02-09T09:13:35Z,2,14,86
66397bd4-1b87-4847-8e13-32aab8dc5f76,incoming,2019-04-26T10:05:14Z,9,27,198
74fc3c64-8484-4211-acef-798efa15e841,sale,2018-12-03T01:25:56Z,9,24,114
569cab57-59d8-4d71-b621-6e92032a6d75,incoming,2019-03-05T02:14:20Z,9,29,78
1d003215-6503-4891-a536-f08f2d67c295,incoming,2019-07-26T16:57:08Z,1,11,54
71bb8d14-d70b-476d-8f7a-f1e2848a623d,sale,2018-11-01T03:13:17Z,8,21,114
82141c7d-d6d0-4ccc-8143-233e41c689a2,incoming,2019-01-13T16:05:58Z,9,6,122
b262b486-ba87-4f85-bae1-da8eaa97a841,sale,2019-06-25T09:55:57Z,1,15,145
c4d02139-3cd3-4434-ad92-c8c4ecd7a45a,incoming,2019-09-24T22:33:02Z,8,19,98
9fa7f775-cd63-4e3f-abb0-b307e5cf9296,sale,2019-09-17T18:12:21Z,6,4,52
fcfa0f7b-218b-4c0a-9767-609d3b792e87,sale,2019-04-17T09:38:41Z,9,27,178
6fa8ff27-a5a8-4150-a7b7-7cfd8d9c18ac,incoming,2018-11-03T13:14:55Z,2,17,28
e0c18ba2-7810-4c53-82df-731e08914adc,incoming,2019-02-22T07:11:38Z,5,10,192
d815ce07-16de-47c8-b7ee-d4d872796659,sale,2019-02-05T00:02:57Z,10,12,28
ebab75a6-0a9c-4154-a097-f986c784c43c,incoming,2019-01-01T10:19:34Z,3,7,164
19fbace2-0d39-470f-b5cc-bb7de85c661e,sale,2019-08-19T00:06:02Z,4,27,151
161632ff-df1d-4460-abf9-e4946cc934c2,incoming,2019-06-10T18:43:14Z,6,24,28
9eba6664-698e-46dc-a623-b8015823c22c,incoming,2019-06-10T10:52:10Z,1,23,61
51a2ed2f-1449-4762-8d2d-1c40cc0ca605,incoming,2019-03-08T11:25:20Z,6,7,81
76298376-83e6-47b9-9712-28d5404c8522,sale,2019-03-05T02:23:53Z,10,12,64
6af5749e-b312-4166-92d9-644e2ac7922b,sale,2019-01-26T04:12:22Z,10,8,129
1d266f52-8173-46e7-a695-19bd48c834bc,incoming,2018-10-27T00:17:55Z,3,16,14
c88e8c3a-15b4-40e7-a728-27b7cb58f3d6,sale,2019-01-30T13:15:19Z,9,2,168
dfa558fa-1cfa-4160-ad1f-e5c623dad341,sale,2019-08-18T11:03:38Z,10,6,46
adbd7f39-cb47-4810-9726-f227aecf282b,sale,2019-07-08T11:06:53Z,5,12,125
01f90a57-ce4e-47f1-ad64-1abb0b063a88,incoming,2019-03-15T18:37:48Z,5,7,9
86312b9b-a43b-426a-9d4a-59f1633b1d7f,incoming,2018-11-11T16:10:21Z,4,22,122
ab15cbf3-efbb-49d2-8821-49dcad7870d8,incoming,2018-11-25T10:10:14Z,3,18,55
835952fb-f42f-4999-aa46-108f7e1af4f2,incoming,2019-01-23T11:23:42Z,6,29,170
9fb7a876-0073-4e73-b0d4-eab4168f4b49,sale,2019-07-12T20:58:06Z,10,12,2
08eff542-8c20-43ed-8cbf-ca2b104143f6,incoming,2019-01-06T15:53:13Z,7,29,200
08949cfe-1782-4257-a96b-620f1c029a74,incoming,2019-04-15T07:42:16Z,1,22,72
0db0db19-398c-4585-8692-74e11c4db9b2,incoming,2019-01-29T03:11:07Z,4,7,27
072ab2b0-b429-4afe-a052-8e6c576ab341,incoming,2019-01-09T15:10:37Z,7,23,18
9f4b9e96-2335-4dd0-89b4-eba821193307,sale,2019-08-20T03:32:46Z,8,15,128
2b769a10-6da2-4bc8-ad50-5d3915a4a3b1,sale,2018-11-05T23:17:10Z,5,9,66
5260dc1a-ba14-4112-a164-14d120789db6,incoming,2019-04-09T01:52:33Z,6,8,54
998e8210-4afe-4688-8a51-02fc3bea4826,sale,2019-02-11T20:25:13Z,5,20,162
31c044f9-cb15-43f8-8f46-668e079672d2,incoming,2019-09-15T01:44:39Z,8,6,82
b44eac3f-d8c6-4791-96bc-a13ff1aa9b3a,incoming,2019-06-01T01:03:28Z,8,25,14
f442dd0a-08da-44aa-8534-27ed106ab60b,incoming,2019-08-20T08:57:48Z,4,24,87
dd78d32f-c48e-411e-90ee-50aada8338bb,incoming,2018-12-03T15:08:33Z,7,2,102
64c53ccf-e7a0-44c5-bed6-32131068ee7c,incoming,2019-05-03T21:28:35Z,5,4,48
7fc316f7-3aa0-4413-97e2-76920401f69c,incoming,2019-04-25T18:54:39Z,3,27,181
54706942-3075-46af-9b14-48c00db3c729,incoming,2018-12-29T08:25:42Z,1,25,148
721bbb0e-760a-4049-888f-fb268a5a6106,incoming,2019-05-20T05:17:31Z,9,17,138
dfaded39-093c-4ac7-8853-55f381664095,sale,2019-09-24T15:46:35Z,8,21,33
31660bcb-ecdc-4b18-968e-ff402157cd48,incoming,2019-09-04T04:52:59Z,2,5,143
7f1c93a8-7c1c-42b1-8c57-9621eb72c68e,incoming,2019-08-21T09:15:44Z,9,13,113
33a443d4-a2b8-4bb0-9ecd-c71704c09623,incoming,2019-08-05T22:21:25Z,6,23,59
48855557-9e5d-4161-8f17-03aa1c27d265,sale,2019-05-13T16:51:01Z,3,30,1
77adc4ad-1e48-48e2-a82d-8a1f1c7f3fe7,sale,2019-03-17T08:27:13Z,4,30,102
eb04816c-3358-4ee8-98f6-8bdfb19156c9,sale,2019-04-09T20:23:26Z,2,19,67
5fe79cdd-4880-4a04-b69d-5a02ab8e4846,incoming,2018-10-11T12:29:00Z,1,6,3
6a536284-d662-45f3-9ba3-b15a0ddc5729,sale,2019-03-24T09:33:12Z,7,1,36
79207a11-5a07-4f54-a9c7-2227ce91d653,incoming,2018-10-09T07:37:07Z,7,20,199
55ecf660-8b59-406c-96ba-23088274b900,sale,2019-03-06T20:48:51Z,4,1,51
52c9ec83-d2a8-41d0-bf10-65675588e815,sale,2018-12-08T13:33:52Z,8,4,193
f4f85c30-2cf1-4826-a2bc-b306b9dfdae7,incoming,2019-09-16T18:48:01Z,1,10,75
cdff503f-1adc-4b93-991b-889a210ec4f3,sale,2018-11-30T10:22:57Z,10,2,196
0a5b6061-9bec-41c0-9a7e-7f9d606f3c58,sale,2019-08-21T03:38:32Z,5,16,18
696d954a-b9fc-44da-8be6-80dc54b1407e,sale,2019-01-17T01:08:32Z,9,1,46
f4410671-a70a-4495-ac4f-418818db0260,sale,2019-06-20T11:28:42Z,6,28,9
58e91440-c598-4007-ac9b-6681fe1492aa,sale,2018-11-14T23:41:50Z,8,9,188
b8344e28-a75e-45a7-afd1-f8e4312d182f,incoming,2018-11-27T21:19:41Z,2,17,43
213a484f-6bc4-4c7b-a98f-07edbf11111d,sale,2019-04-29T10:32:42Z,5,11,40
9abf4171-267d-4b9a-a979-63f8d6f47b47,incoming,2019-01-11T22:52:43Z,4,9,82
6c877b97-83a7-457e-b874-6a43d33a51e4,incoming,2019-08-13T22:33:57Z,10,25,186
766116dc-b8ec-4258-a714-cb5c972b4e7e,sale,2019-05-11T10:24:43Z,1,29,2
d4f2faa7-4495-4a3c-bd81-d864fceb3087,sale,2019-03-19T18:15:10Z,10,5,31
39d2d89a-1cbc-403e-9729-08f08c71aff5,incoming,2018-10-18T16:25:58Z,10,30,183
5cf140ef-007b-4f80-8505-77a2764cc4bf,sale,2018-11-11T13:56:29Z,3,5,139
500259bf-b785-46d6-b170-83d264257c83,sale,2019-02-22T21:20:24Z,1,25,36
80519e75-a1ab-4637-bc71-3b753895b7a9,incoming,2019-07-19T11:17:53Z,2,7,165
fcde7a38-e452-4e79-bd61-8e8dd8ea8dee,sale,2019-09-15T21:11:43Z,3,1,117
e0b2b8a0-4e23-4b14-8214-2f617737e028,sale,2018-11-24T02:18:49Z,5,30,174
eb394233-51ab-4ea0-8294-66c11c4ced9c,incoming,2018-12-02T17:12:15Z,5,19,190
ed954484-225b-4671-a0a5-16690fe999c2,sale,2019-04-16T00:30:22Z,9,11,181
7f7f1db4-c5fb-4267-8379-ae94a6c4a224,sale,2019-01-08T10:11:34Z,5,10,42
addd0036-e3f2-4a49-abf5-8bb9e278a91d,incoming,2019-07-16T04:25:46Z,7,13,100
9fd13db4-901b-4b82-a298-9f18682f272b,incoming,2019-04-12T23:09:38Z,3,6,158
75151350-f369-4cec-9acd-4cbadbd8c932,sale,2019-05-05T00:44:36Z,8,13,148
7c534a6f-84af-44d1-ab19-258b1f388f18,incoming,2019-07-21T04:26:09Z,5,20,68
fbafe2b6-1e54-4a5e-9d52-dc9637d878d6,incoming,2019-02-07T08:11:22Z,2,23,158
cbe0d747-99f1-4451-ba18-4e7e00c7304d,sale,2018-11-12T01:52:59Z,6,3,182
ed92b982-87e3-4afc-bd41-6ced73124dc5,incoming,2019-03-30T11:19:33Z,6,4,103
b49de59f-849e-45a3-a4aa-32eecad8a66e,sale,2019-02-26T13:31:35Z,1,28,107
b12ac7bf-3278-4fec-abce-50fa6ef94a7c,incoming,2019-07-10T20:29:31Z,4,17,71
b9279b82-d4f4-4dd4-b617-db2c72e982d2,incoming,2019-02-26T14:15:04Z,5,5,75
ff600aaf-2a8a-49d6-9bec-4e90966a9dc4,sale,2019-07-08T12:46:53Z,1,6,80
a3a32f94-184c-46a9-8ee1-ca83743fd7dd,sale,2019-07-17T15:42:54Z,5,6,24
0d69d0aa-8928-4159-a54f-09fe9f79779d,incoming,2019-09-16T11:28:39Z,9,8,9
119399a9-d1f3-4af0-b4d4-09eeed44058e,sale,2018-12-27T18:28:28Z,9,7,47
6ef726e7-0eb8-4483-8d67-c652570ef96f,sale,2019-07-15T15:57:24Z,10,28,47
f9accfd3-f1a8-46d3-a706-e145a32ab863,sale,2019-07-12T06:06:39Z,2,28,175
448f0d4e-fdd0-406f-9e41-6b51f202f989,sale,2019-02-18T11:16:37Z,7,15,147
e78bbf1c-c9b4-41bc-a479-7d230537479d,sale,2018-12-13T23:08:48Z,8,14,120
83ea5bca-6c12-4136-825e-bb4793a982a5,incoming,2019-01-25T17:12:13Z,8,18,80
4c2c145c-93cb-4d58-a812-44e162ad3d13,sale,2018-11-26T00:41:35Z,7,1,63
98d0d16f-f897-4f41-aa81-1b397b324fd0,incoming,2019-05-08T06:33:07Z,8,1,16
66c7bcdc-0e5a-489f-80b7-9b6e1e9c08da,sale,2019-01-20T11:22:45Z,5,2,199
7ce001b3-e17b-4631-891e-9af7cf8c886a,sale,2018-12-28T14:33:10Z,10,13,110
0c0a9f30-c9a8-40df-b2ba-b7b7542b633a,sale,2018-11-12T21:24:11Z,7,13,107
1008cb7c-3eac-4e49-aac2-7a34e5a1011c,sale,2019-09-15T14:52:09Z,5,25,187
f3d53805-faba-4478-90b3-34d3fdeeb988,sale,2019-07-18T00:05:47Z,3,29,88
6fe06540-2b14-4a01-847c-86ccdceafffe,sale,2018-10-14T19:52:33Z,4,29,63
9b315929-6bd4-4bb2-8791-d8e9dd89fce5,incoming,2018-12-23T12:17:32Z,1,1,62
5bf974c1-d4ec-4b2a-9914-85661385fa87,incoming,2018-12-01T17:43:41Z,1,15,178
7d45a3ec-aefa-473e-b7ff-05bd7b7d749a,incoming,2019-03-13T23:29:36Z,6,10,125
6ab527e6-8b07-4530-98f0-d771b79ea254,incoming,2018-10-20T05:25:02Z,7,16,31
01f77511-877f-48b9-9010-40d2d7e2f556,sale,2019-03-25T16:50:30Z,7,25,79
decd7125-289b-4c69-82a6-8dfc493b8e76,incoming,2019-09-24T21:05:46Z,9,15,106
c459c4d8-9ec4-4ace-91fd-2bf21d87dec0,sale,2018-12-02T21:01:50Z,4,23,163
8d531019-8172-4cd7-8708-68e12ecaba1e,incoming,2019-07-02T00:57:10Z,6,2,59
b2afa6ef-97e2-4326-b0f9-1d2ad0940dde,sale,2019-05-03T12:24:16Z,2,8,167
6a25aa73-ffc7-4cc9-bb93-551ec174c9e4,incoming,2019-08-16T15:47:26Z,9,9,188
dc11eee8-b7dc-4f1f-a323-71fd9e3a1822,incoming,2018-12-27T08:43:26Z,6,8,185
f6d90164-8a3c-411b-a048-e64509b545fe,incoming,2019-03-15T09:41:03Z,8,6,200
87843eb8-51aa-454e-a5c1-0703436bd539,sale,2019-08-04T18:59:07Z,7,11,197
ea1df53b-3eed-4dd9-bff5-2bf9793ef92e,incoming,2019-07-12T03:57:41Z,4,19,106
0597507d-d29c-4e5c-8ede-4aac8f7ffaca,incoming,2019-01-15T10:43:31Z,5,1,116
1a6551f6-cf33-4935-ab5c-2b15234b0c21,incoming,2018-11-21T04:52:22Z,8,20,36
16f3b642-8de9-4910-877b-d336a87ab026,incoming,2019-08-27T20:42:13Z,3,21,18
7fb7b581-74cb-44c0-bbba-6f2be1d24fb4,incoming,2019-08-20T15:06:19Z,4,15,48
45b03e5d-7135-42fc-9d56-0f643ab0d781,sale,2019-09-20T00:27:23Z,5,1,28
0246f159-66ae-484e-8e5d-a4d32b62afc6,sale,2019-09-28T10:49:12Z,5,6,147
3fa0062c-39d1-416d-88f8-2212af5e3d7f,incoming,2019-06-01T17:30:28Z,8,15,164
e8d194c3-9a67-456b-930b-bf290e36841d,incoming,2019-02-04T15:21:02Z,2,2,43
6636ea5f-9e92-48dd-ae7f-889962c15c34,incoming,2019-04-04T02:15:47Z,8,26,199
226446ae-1d9a-4f6a-8dd5-d2bf68b9520c,incoming,2018-10-05T04:49:31Z,8,28,185
6e8e04ed-5202-4d3f-a62e-60091cc38212,sale,2018-10-03T07:23:14Z,7,30,40
d0eda02c-4b39-4435-b390-2f11a77d2029,incoming,2018-12-04T04:55:29Z,2,16,70
95afd032-74ef-445c-91d9-e401e5ece2ce,sale,2019-03-31T14:30:46Z,7,4,11
4114eb4b-7bb1-4fce-bd49-4124e57675ad,incoming,2019-01-26T09:58:16Z,5,20,123
6d2f36a3-c096-4abd-a1e3-ec0fbe6c6818,incoming,2019-05-24T14:41:20Z,3,15,138
1bda1b7c-589e-43a7-b62d-c977f4619b00,sale,2018-11-02T01:18:15Z,1,27,108
c672e628-0cd4-4142-bc16-c9eb2d611c51,incoming,2019-04-19T19:31:46Z,10,3,53
b4f5e22c-0af9-42e8-b1bf-b5b7ef9d6ba0,sale,2018-11-01T14:33:51Z,5,12,34
926c86c5-0a1b-47e0-8ea2-a205380a60fb,sale,2019-02-12T07:17:24Z,4,24,69
28ba4ea7-5e4f-48ba-a1d5-9dcd15d4d8f6,sale,2019-03-12T18:45:49Z,6,19,178
a51c8dbe-9ae2-4433-b8c1-8531a5edcc6d,incoming,2019-02-08T22:32:11Z,1,4,130
a3d5f8e5-ed1b-4cda-a483-c12a90a8ead9,incoming,2019-05-31T07:16:01Z,8,5,170
9e24b787-1dab-48a4-a30a-9dd78b18fd6a,sale,2019-02-20T15:40:35Z,9,2,76
1185cbef-91e6-418d-a1e3-0d7aca016881,incoming,2018-10-11T17:26:44Z,9,9,176
2914e21e-e130-4828-9f90-fcb11bf9b68f,incoming,2019-04-30T00:28:23Z,8,27,146
1f2c322b-258d-4b80-b826-58dfd9deb6a0,sale,2019-06-19T07:53:08Z,8,10,183
df436f1f-4da7-401b-a2bc-36aa2f7d3ee9,sale,2019-08-24T11:06:04Z,3,23,151
cc10c9fc-afee-41a0-884b-472a3baa0728,sale,2018-12-24T21:28:59Z,1,26,152
d992f6e8-845e-416d-b94e-6b42ce847112,sale,2019-05-06T22:01:17Z,8,28,151
cc1cbca3-4077-4468-9bf4-84a51b6b9b8d,sale,2019-07-02T12:49:22Z,3,21,138
cc8f94d9-2f54-4925-9b2e-313bd9501caa,sale,2019-07-28T19:30:29Z,6,23,142
bb2ffabb-98f5-4849-8798-a8cab6c3efcd,sale,2018-10-06T13:06:08Z,4,1,24
7c817112-41ed-4826-9cd5-6f6e569b1746,incoming,2019-01-20T11:09:28Z,7,14,133
8e0609fd-6eb7-4a7a-a324-41166c12c41d,sale,2018-11-25T09:47:17Z,10,19,142
897a74d6-0b86-418f-a492-31831b232998,incoming,2019-09-25T15:06:00Z,3,8,171
cbb7990e-fc91-4af1-97ed-450de22f3b2b,sale,2019-05-13T02:15:37Z,9,3,61
de1eedf3-4a02-4e2d-b1c4-2699a11ccf0f,sale,2019-06-15T12:14:54Z,8,14,5
0deb15a1-bb03-42a5-8b5e-e4d2c98547d5,sale,2019-09-07T01:43:57Z,9,24,48
37c4801a-764e-4b2d-a403-57f9a3dde839,sale,2019-03-14T12:41:12Z,5,11,109
a11cec79-de93-4fc1-a8c1-bb73c419d280,sale,2018-10-01T11:16:53Z,5,17,96
090550dd-8c9a-40c4-96d9-8edd63489a86,incoming,2019-08-02T11:13:38Z,9,12,31
a1e9e103-9fd9-4366-91b8-26275d89d343,incoming,2019-09-22T06:19:28Z,5,14,88
e456e27e-55d0-4e22-9f8e-3a45f5d774b9,incoming,2019-01-21T08:45:47Z,9,27,34
ff3f55ef-24f4-4e49-9909-9ba53123adab,sale,2019-07-31T22:21:45Z,3,30,120
bb1156ae-3f14-42ca-a6d3-63cb97d44577,incoming,2018-10-25T14:27:17Z,8,30,31
18bd3de1-b432-434b-9d72-6c6ad82fa903,sale,2019-03-05T07:21:01Z,1,23,129
00384fd0-ee25-404f-9a4b-f593a26cd799,incoming,2019-06-25T00:54:58Z,9,20,73
ee83812b-327f-47be-94d3-24b6d58a949f,incoming,2018-10-08T20:56:11Z,8,8,50
eb83a201-b976-4fca-9173-9720aaf073b2,incoming,2019-02-17T08:11:17Z,8,18,57
0d0e0727-6b48-4175-abf6-2e8a9b99804f,incoming,2018-11-03T13:23:36Z,6,7,21
5cb7d3c0-5116-469f-8e10-ecb9bf74b3f8,incoming,2019-04-19T18:38:34Z,3,15,155
27a57c6e-fd3b-469d-a71e-6017de4833a1,sale,2019-08-07T09:04:33Z,2,25,44
82ed5b63-19cc-447b-bd1f-dec7b4b6988c,incoming,2018-12-31T23:10:22Z,7,18,26
d013646a-02cc-42dd-aa29-ac6fb76f5278,incoming,2019-03-22T09:55:35Z,4,20,99
e0279b02-2cdd-4003-b29d-c3d924576726,sale,2019-04-10T02:29:22Z,8,16,133
2d4222d9-0a77-48ce-918b-20d0a0ab94bc,sale,2019-09-26T21:56:26Z,2,24,51
f3791eb6-76b0-4765-bbdb-ddbd05b76361,incoming,2018-10-19T19:54:38Z,3,16,31
a1ca3a86-ec13-4cb0-a7ac-4314ad9ebf4b,incoming,2018-10-24T09:30:46Z,8,14,26
466156cb-27b4-4e1d-b07b-217f7e593644,sale,2019-04-12T19:10:56Z,6,28,54
c4a4e65a-7cc0-454f-840c-30008c74ee71,incoming,2019-02-10T12:21:57Z,9,17,110
f7e3a2e4-3962-4a5c-95c4-2ceca1d71a4b,incoming,2018-11-12T03:17:18Z,7,25,48
caf62bd4-262f-4751-902b-d57b0810624a,incoming,2019-08-06T08:32:21Z,8,18,83
3850a558-3084-48f5-ab0c-945dd6c93387,incoming,2019-06-14T02:02:35Z,9,23,199
210095a8-4802-4bce-9f5d-4bcee7db36d7,incoming,2019-07-18T09:39:11Z,10,19,31
37897b59-e3a1-44c9-9f55-0cdca0eec5e7,incoming,2018-10-06T10:25:14Z,7,20,133
98ee871f-3c4c-4d49-8d9e-f639ba8a5c6e,incoming,2019-08-11T10:05:32Z,5,10,72
222321bb-c6d9-4db8-9499-9814c4236a76,sale,2019-03-11T11:18:38Z,9,20,186
464ebef3-c1d8-409a-9148-edf112337b08,incoming,2019-09-05T10:45:23Z,8,30,169
9687def8-0dc9-4d3b-8e80-a8e848116fc8,sale,2019-06-08T11:46:04Z,4,28,176
48f4aba8-75de-4ae1-be0c-f49039fd3a59,sale,2018-11-13T12:08:44Z,7,13,54
9c41f9a6-98ab-44f2-858c-a2167fcbe37f,sale,2018-12-18T02:45:58Z,5,30,163
858ab088-7f3d-4a31-9b0b-66b068087557,incoming,2019-04-03T20:44:41Z,7,8,125
b80907da-da56-40af-900f-e9695ece1a64,sale,2019-06-03T12:33:23Z,8,4,92
01cb41aa-cc3d-4902-bb47-7cfd535e320d,sale,2019-06-27T03:22:48Z,2,16,53
2ecd69eb-e504-484b-ad1c-3ad0f312bfb7,incoming,2019-09-27T01:36:00Z,9,27,106
3580292b-9232-4f98-8327-2f2595c244a0,incoming,2019-05-16T16:33:28Z,5,23,148
7e267e2a-a4c1-49ba-88eb-b3db60f9230d,sale,2019-07-29T09:19:43Z,2,5,69
845ca4e4-e013-48d9-acee-fcc9087e21c7,sale,2019-02-07T18:02:56Z,1,9,140
df6be4b5-d559-48e4-9ddc-7135a823995e,incoming,2019-05-23T08:56:47Z,4,11,29
b6caca79-4d39-4de8-ba02-bb6790fa3d39,incoming,2019-08-28T06:12:03Z,6,12,183
0fcf6c55-e9f6-40b8-b5ec-0bcbcdac5cae,incoming,2019-07-01T21:23:02Z,2,6,13
1b6ba209-e5fb-489e-9784-818e88e4a906,sale,2019-05-12T00:10:23Z,6,29,132
4049a711-7d45-4f01-80d9-15721141d5aa,incoming,2019-04-09T23:00:34Z,3,9,8
faf0a69a-688e-490c-b225-388e2439ed05,sale,2019-03-05T09:59:30Z,3,30,113
8881744e-0fb5-4ef2-ba71-cea26164e6a7,sale,2019-04-11T23:06:30Z,10,18,144
9e8ea86d-1e75-4d0e-81d7-f64d84585e15,sale,2019-06-27T03:39:06Z,2,29,128
dfa67e97-2f3b-40b9-bac0-fe8848808cc3,sale,2019-06-06T18:33:19Z,9,18,118
676c572a-06d1-4847-aabe-75dcfa86ce79,sale,2019-03-24T18:44:33Z,7,16,46
e1fa35aa-73bc-48f7-87ab-f3ec598adce8,sale,2019-05-25T05:53:53Z,1,3,100
5334db31-f642-443a-b097-c60e23b9a13a,sale,2019-03-13T00:12:39Z,8,23,11
af8ed850-cd4b-4414-b142-4dc9f5556ed9,sale,2019-01-16T22:14:11Z,9,12,18
44e4795b-146a-4019-bbca-4ea510a6a765,sale,2019-05-22T21:02:49Z,9,26,193
ff6e9383-961e-44be-8574-ce2b56185f3b,sale,2019-04-22T07:44:10Z,4,13,30
f266d9a8-9dca-4825-8cc0-5d90abb4bdd2,incoming,2019-08-29T07:40:18Z,2,11,183
3195d5a0-e109-4014-adf1-96b50aa545d5,sale,2019-07-09T02:53:45Z,2,15,33
7f05ba7e-0a38-4462-9bd2-d4e7bfc45dd0,sale,2019-02-10T02:06:17Z,8,12,172
8d9e9586-77c4-4681-8b6d-ff63b9b9f61f,sale,2018-10-22T00:02:35Z,10,19,192
34b7cccc-88f4-4dfb-9455-e3e41ab89e77,incoming,2019-01-04T10:37:01Z,6,26,33
4c6a177d-c351-4241-bf58-1a418899018c,sale,2018-12-20T14:12:32Z,2,26,82
5379efd8-a4f2-45ec-b463-1bb22624430e,sale,2019-04-03T04:29:28Z,9,11,175
bccabf89-b792-4975-bbe0-420952f01e43,sale,2019-02-23T23:03:51Z,2,20,198
e029caf2-b03b-497b-a67a-bbfa417d2fb0,sale,2018-11-09T16:38:59Z,4,19,80
b133cf89-6c03-4756-b933-95faf4d049f0,incoming,2018-10-02T13:52:27Z,7,21,86
1382d8dc-7174-47bd-bcab-e3cd7ebf24ba,sale,2018-10-27T14:56:13Z,5,20,145
3744da37-b9d7-47f6-b2af-8fa477401e4d,incoming,2019-07-09T17:06:19Z,3,3,28
4bb45a83-d6c3-4468-8b3d-e9ff20cf8361,sale,2019-08-25T05:15:53Z,6,10,41
fbf67323-6f23-4e64-ae5c-b4c64085a053,incoming,2018-11-22T08:58:47Z,6,26,67
5d60f0f0-6349-42a1-902e-bf2285671391,sale,2019-07-12T15:43:05Z,8,8,163
9c8db3a0-f7b7-4ef8-8dda-bd1bee0e3750,sale,2018-10-21T17:07:37Z,5,26,81
d52b0c2b-18c1-44a8-9499-dcac5bccb95e,sale,2019-03-16T00:19:10Z,1,6,137
c35975b7-f6bb-4329-90f6-04f624ea914e,incoming,2019-02-12T01:30:25Z,7,29,153
72dd9d34-d890-4390-b818-32ccc830da78,sale,2018-10-04T07:03:20Z,2,11,131
c84d7345-3c98-4f47-a1de-49f718c69980,sale,2018-10-05T18:44:00Z,4,5,91
63009a4f-2ce2-4b3d-9ca9-c2a3e1c46dad,sale,2018-11-12T22:30:11Z,3,24,16
77c29723-fa47-4460-8197-c3931b9ebbe7,sale,2018-12-22T22:24:39Z,6,20,97
64e7cba3-2384-48db-8682-58c19df64cd7,incoming,2019-04-29T20:00:47Z,9,29,79
017540ee-d517-4137-a10a-55f2e73da40c,incoming,2019-09-25T00:56:32Z,8,29,17
5356124f-c999-4620-98a6-a75ab66113e3,incoming,2019-02-28T22:07:21Z,5,21,199
01cbaabb-6388-4afe-94c5-37deb45ca049,incoming,2019-04-03T15:40:14Z,4,29,131
d1756d8a-215f-4cb1-8a3a-85e5a67b0c61,incoming,2019-01-24T14:37:14Z,2,17,164
690ae4a2-bd9e-40db-b7ab-8dfd885ffbbd,sale,2019-04-04T13:47:34Z,2,25,54
0dd3218c-b16e-41f8-986f-8ee0fd5dd6dc,sale,2019-08-23T06:48:08Z,8,19,172
a94a73e3-01f8-4638-9c1c-3f7612806c2d,incoming,2018-11-08T18:55:43Z,7,24,17
42f731b1-091a-4b97-99ba-b85dd97b68f0,incoming,2019-09-10T03:00:26Z,1,4,75
5d3c02a3-9eb8-49b7-a20d-30d5c4e9ce6a,incoming,2019-03-23T07:43:51Z,6,6,149
fd03563e-b37a-4d64-a336-a9fe217300e8,incoming,2019-07-16T00:29:02Z,6,17,191
2ed1d30f-ce1b-4c2b-83f3-4b30e1c5b3cf,incoming,2019-05-05T09:56:13Z,6,29,34
43bba9f8-4e58-4f14-a095-5106a196a97b,incoming,2019-05-14T15:33:07Z,3,9,142
7d60f5e4-c1e8-49b7-a904-9c42fd43092b,incoming,2019-06-02T04:13:01Z,7,26,141
94c65139-ae4d-41fd-867b-dc4465996250,sale,2019-09-23T00:33:50Z,9,8,161
20088546-2e92-41f6-8e79-4e5745455639,sale,2019-04-12T17:49:34Z,5,17,99
9ceb2055-b7f8-4636-b351-491ef1109661,sale,2018-12-11T08:41:43Z,7,5,194
ba1c7f48-e59b-4e9a-86a2-b3144752c25e,incoming,2019-01-30T14:11:37Z,3,19,162
b9d3a954-ddfc-4d3c-92fc-22107aab747e,incoming,2019-01-10T20:24:36Z,4,25,165
37f58e44-9429-41f0-8004-adaefe136cde,sale,2019-01-11T12:52:44Z,2,15,104
3e1112bc-b1da-4d77-b908-5cf90f7f6778,sale,2019-05-13T15:22:55Z,3,14,99
e9edfb0a-f273-469a-9829-b43287331f34,incoming,2019-02-12T22:50:11Z,9,15,120
f4ac326c-90b1-4d6a-93a5-e50886cebe6e,incoming,2018-11-27T21:07:17Z,9,15,104
4089aafc-1527-4ca2-9614-45f1ffbe56bd,incoming,2019-01-09T13:40:48Z,3,11,184
afe24ea1-0947-403d-b048-fdb0db4297d8,incoming,2019-04-29T07:32:37Z,9,8,26
b6e3245e-d83a-49ac-b179-872af89429be,sale,2019-05-24T11:33:20Z,4,11,38
9a59edb0-76ab-4194-baca-aad275fa4f37,sale,2019-09-07T14:41:14Z,6,10,98
0161a297-945f-470e-8c29-448ef23e317b,incoming,2019-01-10T06:51:39Z,9,4,14
fa4af7c4-e7f3-49aa-9a74-ec0165d92a45,sale,2019-04-18T00:34:52Z,4,28,142
ef04aaa2-f673-4e6a-9b7f-16a3b9554333,incoming,2018-12-22T16:32:25Z,1,13,16
5f894e5b-1fbd-40f3-9587-41ed7cff9b41,incoming,2019-06-05T14:13:16Z,1,27,165
5d886349-a10c-4eb8-9325-951ee909e729,sale,2019-04-29T08:11:53Z,4,10,151
2349bd06-85e6-4372-aa39-a9d8cb63be8c,incoming,2018-12-20T18:50:15Z,6,1,3
96a15d86-bbb2-4baf-a981-cf2034253422,incoming,2018-10-02T17:41:05Z,10,20,170
d17d79e9-02df-4fef-bc59-d5cda59c9565,incoming,2019-02-20T15:23:57Z,4,5,2
dee42d12-acda-498f-86ae-70d1f65e5207,incoming,2019-05-10T06:38:16Z,8,1,185
1b8f2322-c17b-4d8b-ab14-5b2a3164e943,incoming,2019-05-22T01:27:02Z,5,20,15
a86af80b-aba1-47cc-b44d-4124717d4d47,incoming,2019-09-20T01:07:37Z,4,14,58
1bcfd49e-c164-482a-89cb-d84d142402df,sale,2019-06-26T09:21:09Z,8,19,127
fbd96221-4d93-48d3-89bd-5cba9e35aba3,incoming,2019-03-07T18:22:05Z,9,18,85
2d572506-15b1-4861-856f-5ac3d3e98410,incoming,2019-01-01T08:50:59Z,1,11,180
1896eb8c-4a88-49b9-adff-5ec625e6fa5c,incoming,2019-06-17T15:30:58Z,1,10,141
c6506d16-5567-44bf-957a-ceff8227af25,incoming,2019-02-09T15:17:06Z,4,11,93
f7b8148b-9766-4da7-ad19-0bc9584d32fe,incoming,2019-01-22T13:04:09Z,4,12,100
1b25c22e-66cc-4a85-8cb5-8cf55ae7c793,sale,2018-11-17T06:48:48Z,10,22,168
e00c6853-0670-40ee-b6f6-d7a558db3201,sale,2019-07-02T00:45:46Z,1,10,192
8f77c974-9323-4f27-97c2-4b723b3129a3,sale,2019-01-17T15:04:15Z,2,4,174
3887092e-30b2-4307-88ed-33260c12fe1f,incoming,2019-04-24T12:45:21Z,8,8,41
e91963ad-2784-4da3-afca-61ca748e30c4,incoming,2019-03-22T04:04:15Z,8,4,28
10c48f4a-12d0-4b88-a8ed-b1cdb99a7d8d,sale,2019-06-17T18:40:37Z,9,8,65
ab126c72-f8e3-46fe-b5fe-d3ee243dc690,sale,2018-10-27T17:56:52Z,8,30,154
eebe88b2-b576-4193-b37f-060d3103cada,incoming,2018-12-19T14:23:16Z,5,8,150
a9dcece1-37b1-4326-a6f3-107508901b76,incoming,2019-01-20T07:20:08Z,8,28,118
a9cf5d51-34d4-44f3-9532-945fe3d53099,sale,2019-05-02T06:16:00Z,8,15,190
3bc4090d-8e52-422e-bc27-20b267d11785,incoming,2019-05-18T00:30:08Z,5,7,163
e1c08c41-515b-44bf-8e2c-88875277cde6,incoming,2018-10-20T06:22:26Z,9,9,190
34eb8c07-a81c-4761-9f9a-4d08a210a065,incoming,2019-03-17T05:57:53Z,7,27,172
df6835d6-3a47-4a80-aa37-fc6d74da6727,incoming,2019-02-16T18:17:25Z,5,7,151
ef404d3d-c8f8-42a5-9656-7fabae768f75,incoming,2019-01-29T03:09:12Z,1,23,187
14effdde-73a6-489f-9478-9f334401e26c,incoming,2019-03-06T12:12:17Z,5,9,128
cc70c186-e4fc-4158-984d-cc3d1951cfa7,incoming,2018-10-22T16:08:50Z,4,14,116
ec7d9f62-4421-4413-a8d0-3f2db40b2d78,incoming,2019-02-24T09:12:50Z,10,1,100
c1cc3518-5c86-4f1b-9425-6dafb13e8826,sale,2019-03-22T03:58:57Z,10,15,5
ff3371e8-b0a0-436e-b518-6d99dd1f91ec,incoming,2019-09-06T06:56:16Z,3,22,100
a8c748a2-ca6b-4c19-bc32-bf536456e42c,incoming,2019-02-09T14:28:09Z,6,9,197
f4d01856-8ae6-485a-b7f2-e769984b3eff,incoming,2019-07-05T00:55:26Z,9,11,197
b7373257-9bcd-4070-a156-4145180f0321,sale,2019-06-01T22:06:26Z,5,20,180
dc91f6ef-08ea-4893-80a3-6e51cc346901,sale,2019-07-29T10:47:47Z,1,25,32
5f10c270-39af-4f75-9894-8bc830ded221,sale,2019-03-11T13:48:35Z,7,17,150
fd735565-8632-4405-a079-7fb03325ecdd,incoming,2019-01-28T08:33:57Z,8,2,191
44d344b2-b0c1-4b21-8f81-ba1376a2aef2,incoming,2019-02-26T01:09:23Z,4,23,134
277d8990-5774-4766-82b9-87dcec9ec021,incoming,2019-06-11T17:48:48Z,6,12,54
cd37185d-35f7-42bc-acc5-8911a624f6fe,incoming,2018-10-20T18:36:58Z,1,27,141
36c075de-88d0-4865-891e-ff5590c4616c,sale,2018-10-16T04:19:58Z,2,11,115
93422664-88a9-45dc-9774-84683f739d55,sale,2019-01-31T11:41:33Z,10,10,24
7d192626-753e-468a-97ef-5a25ea813781,incoming,2018-12-17T07:54:04Z,5,24,86
6e7688ee-367c-45d5-ab96-fc46101d32b7,sale,2019-07-06T15:18:08Z,2,11,106
ff812560-68f2-4f36-ba4c-f4e2a3921fbc,incoming,2018-11-17T11:03:28Z,2,3,38
1886315f-296b-4cc9-a85b-c4c0e428886c,sale,2019-01-10T23:04:24Z,5,25,87
00421da7-7f23-48e2-8a58-0410a4aa72c4,sale,2019-04-21T20:02:05Z,6,18,82
2dba603c-5549-493b-9263-2ec68adbf21b,incoming,2019-07-16T18:36:09Z,1,25,89
72f31855-f0fc-4400-8293-7669bb3988c4,sale,2019-02-22T14:30:00Z,7,27,187
ec8dcf5c-c5f2-44c5-942d-3f037fea572d,incoming,2018-10-01T14:59:03Z,2,1,54
02ec6d76-075a-4439-9779-3ed64c9eaed7,incoming,2019-09-25T23:01:58Z,4,23,33
b8156bca-7933-42a4-bbd3-5bb61e86c55b,sale,2019-03-02T07:47:41Z,4,8,192
27a1c356-63e8-4c38-b22f-b81956450f3d,incoming,2019-03-02T18:28:40Z,5,11,26
87a153f9-cd46-4a57-9763-5c7867397da4,incoming,2019-05-13T00:22:25Z,6,6,164
eaa2218d-a2f5-49b9-8b92-c1b546ad9566,sale,2019-01-24T23:31:52Z,8,2,189
782f0098-1c0a-4d71-9ced-8958903e2e49,sale,2019-01-10T02:58:02Z,1,13,187
cc75cb66-c635-4cf7-93c6-d6962ee2cc85,incoming,2019-02-13T09:03:08Z,1,12,123
9abdfb93-5ed3-4a2d-914b-0356643dd1ff,incoming,2019-09-27T09:49:49Z,6,23,44
e0b06989-b023-4bbb-bbf9-e388b06cd40f,incoming,2019-02-27T04:57:44Z,10,1,120
40067a96-2e3a-4218-9dfe-a6eca5f1b018,sale,2018-12-20T03:37:02Z,9,4,196
74004356-8ee4-4780-ad5b-92fdf0d42933,incoming,2019-09-13T18:26:58Z,10,20,83
34a12984-6c49-4d66-84cd-20c8be12bc5f,sale,2018-10-06T12:20:43Z,7,15,102
a4187aab-5087-4422-a052-283786e78a12,incoming,2019-02-05T20:07:53Z,9,2,25
ce2793be-aac8-497a-be92-51e51b0dfce5,incoming,2018-10-28T16:29:30Z,2,22,174
924c7621-29d6-4007-86d5-d6b022da2175,sale,2019-03-16T13:20:56Z,1,5,173
dcf95f24-551b-44b3-9f13-0a2b020aacd6,incoming,2019-04-04T11:06:43Z,10,28,169
a8501103-3599-4880-bd8f-9cebcc36b5c5,incoming,2019-09-24T19:30:01Z,6,12,56
eaabdb66-3efe-4c7c-a9af-3e222914be0e,sale,2019-01-22T12:47:36Z,10,22,4
a7cf5ba5-9ab9-474d-9e49-8e75ac538b27,sale,2018-12-28T07:51:42Z,9,23,158
3ef76795-42fa-4e53-ab45-a72906223b32,sale,2019-01-18T02:54:36Z,2,19,103
2403c399-3b91-4943-8632-14374e732500,incoming,2019-07-11T14:01:45Z,7,12,116
913983b7-cafa-4cb1-8213-618d83fb38f5,sale,2018-11-21T18:07:32Z,5,6,100
77089fe8-4711-4113-8f93-7c9ce8ccdf3a,sale,2018-11-26T12:28:08Z,1,23,14
065fc0e6-492a-4c74-b212-5d8e459d5ec3,sale,2018-10-17T20:14:03Z,9,8,146
3b2604f0-d992-4d34-8c96-e677d7d3ffd3,sale,2019-03-13T02:19:05Z,4,18,180
cf147b2e-9195-4321-ab19-2dffaae102cd,sale,2018-11-05T03:50:02Z,3,26,192
6ec6c81c-a7f0-4994-806c-cac4905b10e0,sale,2019-06-25T06:25:52Z,3,17,46
a88d7b01-cda1-4894-a8ec-856b1911c9f0,incoming,2018-12-14T08:21:40Z,9,2,166
e3a90d8d-60cc-4d00-8f46-43bd67b3bdcb,sale,2019-09-07T09:15:43Z,8,11,6
16a86c0a-41a6-4687-bf82-7d7c018e42b8,sale,2019-06-19T21:05:12Z,5,11,1
ceded9cf-5695-4e09-b2a1-6692dc32c6eb,incoming,2019-09-10T16:23:12Z,8,17,1
d3b45751-241d-4960-84de-fd41f56a8ae2,sale,2019-09-17T07:09:44Z,5,11,25
b09954ba-7e8d-46c1-8ac5-53ce2ca58fbb,incoming,2019-04-05T14:52:38Z,6,26,109
492979ed-0d88-4c4e-81ed-d2717f960366,sale,2019-07-09T20:56:56Z,7,3,83
4ff4f29c-c3d0-4340-94ef-5cd944cb8a7f,incoming,2019-06-19T19:49:44Z,7,2,71
6a32ed21-26d1-4c18-ad39-7d728f1ac375,sale,2019-03-21T07:23:31Z,3,29,106
a858b41a-7834-4da0-9ea1-00ccc070a99c,sale,2019-03-31T02:29:15Z,8,29,52
eb55a313-5084-4f96-b9ae-757c84962c58,sale,2018-12-24T09:33:02Z,6,8,186
a1448afc-7dcf-4a1e-95b8-020e73c51de8,incoming,2019-08-20T22:08:49Z,4,10,200
06b71e0f-6770-4c32-a38f-b1765283e292,incoming,2019-07-13T01:13:04Z,9,20,166
540d929c-641a-440d-a926-ca0d7149db16,incoming,2019-03-12T10:07:10Z,8,3,141
94ad1158-cdb6-4153-9d77-c073b5a80b34,sale,2019-07-01T10:20:29Z,3,23,126
9524a75e-eac5-46dc-b123-6e0f3c971485,incoming,2019-02-02T02:04:50Z,1,14,41
9eb8ed1b-9d99-4e80-b05b-7b4554126876,sale,2019-04-16T02:20:07Z,7,28,94
4c4496a3-63ff-48f8-9af9-85dc08ae4d7f,sale,2019-04-20T09:19:37Z,5,9,154
f9aee333-afb3-4e36-80ac-a511ed77133e,sale,2019-03-22T19:27:16Z,8,4,200
bf3a90b8-6e2b-4f96-8bd8-ddc3eb54def5,sale,2019-07-02T02:25:03Z,7,24,11
ae7289f9-0cda-4de3-b960-fd7e8c11f280,incoming,2019-06-03T10:48:26Z,9,24,50
f2a8d866-7ba6-4691-a98c-2fa0e157c3ab,incoming,2019-04-07T05:29:21Z,4,1,16
3100fa14-9f1b-46e8-bedd-b68b97a413ee,incoming,2019-04-03T03:07:11Z,9,19,87
ecf4924d-d406-4703-9d1d-5e76ef1a25ac,incoming,2018-12-27T23:00:33Z,8,1,80
5343d12e-74ff-495d-b11e-0c3d497d69dc,sale,2019-09-12T20:07:42Z,7,4,168
00c3de57-5963-453a-b59c-0d81d53b4ff0,incoming,2019-09-18T08:34:30Z,7,27,1
4933ee9c-7ec1-4785-8f85-9b886630ed69,incoming,2018-11-07T11:03:48Z,8,2,161
e9c2c88b-9f87-4139-8cda-a58f0f1d9a42,sale,2019-05-18T18:33:34Z,3,1,106
59b29ffe-3a06-44dc-985b-bfb345d68557,incoming,2018-12-13T07:46:49Z,7,17,29
dd0bae1d-2f30-4263-bdf1-297efd700839,sale,2019-06-01T20:25:01Z,2,15,148
f2cbddb1-86ff-4a04-bc42-5f14d3c7a999,sale,2019-07-14T00:47:26Z,4,30,127
99cb459b-c358-4513-b1b7-5f82cb0ee8f7,sale,2019-06-25T00:03:26Z,10,23,37
e86d018a-6313-4406-8214-b228e680e0c0,sale,2019-09-26T16:03:24Z,1,23,3
bcd00539-8845-4d0a-a694-232e2858f2ad,incoming,2019-05-14T13:59:09Z,7,9,180
2a38c3bd-e7f6-49e6-b880-5f84b0ec0217,incoming,2019-07-26T06:10:52Z,7,11,179
c6a31593-58f0-4515-b310-0f7f7de1b525,sale,2018-11-09T07:37:50Z,6,3,200
304ac74b-d014-4698-9073-85a53064326d,incoming,2019-04-19T23:04:39Z,9,8,105
56d4026f-ac64-48fc-9c39-6a2e31cdbe33,incoming,2018-10-30T00:43:20Z,1,17,98
e665c2a7-fde0-4002-946f-0d9d6bfb0c53,sale,2019-01-17T16:28:21Z,5,11,109
410f0d7e-935a-45f3-9727-bd7533198326,incoming,2019-09-21T02:12:43Z,3,2,13
04523ca2-7281-4031-88ee-1d6745975f6b,sale,2019-01-17T02:20:33Z,4,6,32
a5e6b2d8-9706-41b8-acff-f287e451c7c0,sale,2019-06-29T11:23:08Z,8,23,87
e3db76fc-47c7-400b-849a-3356362f5358,sale,2019-06-07T17:29:44Z,5,16,128
9b882c41-dcc0-414d-b44e-ba0e36e99976,incoming,2019-01-01T06:14:43Z,8,19,66
34ab494a-a5e5-415a-9130-d5dfbced4db9,sale,2019-03-04T07:21:03Z,8,4,150
ee01c10b-ca12-42e6-a12a-9368a92eb9ed,sale,2019-02-06T10:15:33Z,5,18,66
631b3423-1f4f-42f6-b052-cd535f82cac2,sale,2018-12-18T19:48:49Z,3,11,53
2da284ef-9fd8-48f9-ada5-205a7bff3fda,sale,2019-02-01T20:01:44Z,4,24,200
73064791-6679-4061-9942-6f490e99baf4,sale,2019-04-02T03:40:08Z,6,12,155
4cd1f0eb-1c53-49c5-9f20-47c7c4a46cb2,incoming,2018-11-25T00:24:47Z,9,2,66
4600a563-77fa-45af-aa35-f83cf9765c85,incoming,2018-12-16T23:10:38Z,4,14,183
f983af09-0e86-4525-8525-c903938c1277,incoming,2018-12-28T14:33:13Z,1,8,85
ba337e53-63ba-4dc5-8ea4-0ec2b8187b45,sale,2018-10-01T07:44:32Z,5,12,164
95f8df6b-8b09-41a6-80e8-882eea4e75cc,sale,2019-07-07T13:54:46Z,8,24,90
5536df46-91f0-40ec-a186-3b83ab273b0b,sale,2019-01-08T00:07:52Z,6,23,16
545bfc47-3f88-468b-a271-5c49b6f75ae8,sale,2019-06-12T19:35:53Z,1,9,7
3f8fad28-a220-4d63-a85e-fefcb4dd38f3,sale,2019-05-15T18:31:55Z,6,4,135
6f48d4c2-f148-4423-acf2-e4d70cb9fa57,incoming,2019-09-11T12:40:02Z,10,23,62
0538c848-7f07-4644-8928-599ccc3e373a,sale,2019-03-02T19:21:35Z,4,20,174
d0bd3f6e-9eb8-4542-b0f8-cc86fb75a9d3,incoming,2018-11-24T16:19:52Z,10,9,101
6f0d9c6b-f85c-4e38-a2c3-b113b94436d2,incoming,2019-09-15T11:59:57Z,3,20,129
cf1af515-e924-401f-8801-3a6417d30e7d,sale,2019-04-06T17:02:57Z,1,1,193
eaba975f-2c77-4ebd-8105-82f65e710f01,incoming,2019-04-20T12:39:12Z,3,25,191
b942033e-5bc5-4d60-8ead-c8b2b35cc865,incoming,2018-12-08T00:59:03Z,10,14,10
c24dcf3a-f151-4967-be74-e6d1cbf40220,incoming,2018-10-05T14:47:38Z,7,2,49
db32a54c-169a-4b3c-8b73-3bfbee00f64d,incoming,2019-07-10T22:17:05Z,10,20,28
bf6b1298-05b3-4adb-a036-38f5a1b3f5aa,incoming,2019-03-04T11:21:33Z,10,25,61
20865d14-f8cb-490b-9eb9-10279b88e9b8,incoming,2019-03-04T00:48:33Z,7,23,146
23ee9c48-68ae-4f4d-8519-fd88aef9ed19,incoming,2019-01-28T13:50:24Z,3,3,162
6504a9d0-2c51-452e-bdb1-8648ac1dedd1,incoming,2018-12-04T03:23:29Z,3,12,65
4d27c833-f72f-4784-a9d1-a797d267df5e,sale,2019-04-23T23:59:12Z,7,28,67
20ec4476-f440-4734-986f-0a675424dbae,sale,2019-01-09T08:35:26Z,5,20,141
f734fa1d-822f-49d9-8ddf-a70260d46ae7,incoming,2018-10-02T22:30:32Z,10,1,121
ae869aab-0ff1-444f-aea3-8b3edc1cd80b,sale,2018-11-15T16:02:01Z,8,16,173
ab778d6b-86ed-4e19-a3c1-258207a513a3,sale,2018-10-23T03:13:53Z,8,2,94
b3f21a3b-05ac-4bac-9ae0-88623f677b63,sale,2019-09-06T00:42:18Z,9,26,30
2ef5cca5-d475-4736-91bb-50d69513418d,sale,2019-03-19T16:25:21Z,9,3,157
c006b298-0523-41d8-8174-850275272397,incoming,2018-12-06T16:17:43Z,5,11,104
556dc146-70b5-4149-af43-fe3bb773f546,sale,2019-09-21T05:49:04Z,2,19,168
1ac112ae-4d1c-43d5-b94b-4c4f7adcd5ef,sale,2019-03-07T18:21:04Z,10,4,75
9784ceae-649f-46ec-9832-481adf6e2d3f,sale,2018-11-04T16:14:34Z,1,16,147
922c3668-447c-447b-80dd-fed6bb46ae8c,incoming,2019-05-27T11:17:39Z,7,29,30
fedacc95-7f17-48d7-b26e-a7d9b702cebc,incoming,2019-03-11T20:25:09Z,3,29,151
b53c75c9-cdc5-45f0-9192-e8975498ffad,sale,2019-03-16T08:59:13Z,9,17,21
98c5a017-6a69-4213-82be-3924a24bfd0b,incoming,2019-04-18T04:40:19Z,5,15,141
38796d9e-86e6-4d42-aa21-ddc16813b1d8,incoming,2018-12-17T17:55:40Z,10,16,14
b8581aa1-cc99-49bc-9e66-93021b8e6a89,incoming,2019-01-05T17:12:50Z,2,13,26
198a316b-0ae7-425b-8ca7-483d28c516ea,incoming,2019-03-24T13:26:14Z,7,10,160
7e4f4512-d8df-44bf-8b6f-e7708fba4bfa,sale,2019-08-05T05:19:02Z,3,8,45
c3cd4571-80c4-4e03-bbe9-58253f016ec8,incoming,2018-12-03T21:10:56Z,9,29,199
11a0137a-970c-4adf-b987-225db650f4b7,sale,2019-05-07T00:59:48Z,9,20,191
1d1300b5-6634-48f7-a719-04341ba99233,incoming,2018-11-13T16:48:32Z,8,17,131
0fb1a7d1-9d24-4bb2-9c3e-285caf3b3678,sale,2019-03-06T13:20:38Z,6,13,155
730e088a-eec2-478b-af2c-a1b8670a4c16,incoming,2019-06-24T21:27:37Z,3,16,195
39dfea75-f329-40b6-b85e-b9d372e01321,incoming,2019-03-20T13:03:17Z,8,23,34
c927f38a-cca8-4d54-90a4-d5991ab78f5c,incoming,2019-02-10T14:16:42Z,3,5,97
c6e6fe41-10b9-4520-ba6e-80910390548d,sale,2019-05-26T03:35:43Z,4,26,88
b0559f2a-8341-43e6-8c76-e81b0ac39106,incoming,2019-08-12T11:55:38Z,9,6,153
859fdcca-8f5c-4c92-ac7b-b3d01a64dd75,incoming,2018-12-20T07:10:31Z,5,21,11
a43fb3ad-bfeb-4ed3-8e97-05c59cadb06c,incoming,2019-09-21T13:42:06Z,8,26,4
b9d48e8f-ac38-4f8d-9a2b-90b9f5c7a4fc,sale,2018-10-14T21:04:23Z,6,18,123
9f224fd0-ded8-402c-ae59-f764712964f3,sale,2019-06-17T22:01:34Z,8,5,105
82304667-add5-4676-8e70-34d136416d70,sale,2019-01-21T23:15:42Z,8,30,161
974d3fea-82c7-451f-8df7-0ee66c8e59d8,sale,2019-09-10T09:59:43Z,9,8,68
7cf9c247-37d7-4941-b45d-9ad211222119,sale,2019-04-26T10:42:08Z,8,18,71
ee023e0e-4f00-49ff-9b5d-fc489042f317,sale,2019-02-13T00:41:22Z,8,12,119
ddf398c3-6b2c-42e5-916f-4a8dcdab80f0,incoming,2019-01-08T00:15:39Z,9,1,87
82dbd599-6c28-4fed-b8c9-48205eea4bb9,sale,2019-03-09T02:58:35Z,5,29,66
984cffe4-44ce-49fa-a58c-88abf5ba70de,incoming,2019-06-22T13:31:36Z,7,23,29
59b5302e-0172-4c1f-bae0-747871191fc7,sale,2019-06-04T05:01:50Z,9,19,173
418f2731-3f1a-4af0-9c3a-685d1a6a35a0,incoming,2019-04-28T02:49:47Z,6,5,144
77c055f4-dbd1-44c4-b62f-053e87f2c18e,incoming,2019-05-02T13:45:58Z,10,16,136
474b0189-83bc-4ed4-9416-35e0b0c63a6b,incoming,2018-12-13T22:58:49Z,8,18,13
d31d78ec-ccf8-4516-abce-b325738888bb,sale,2019-06-26T16:23:04Z,7,20,150
1eb549be-03ea-482c-aed4-2c5715ec6545,sale,2019-06-07T05:48:47Z,5,16,75
d91e5413-4ec5-483e-bce1-288e1a5ef022,incoming,2019-02-27T11:46:26Z,3,22,183
48db9d69-00be-43ed-89c0-70000dd7940d,sale,2019-05-29T17:32:39Z,1,29,19
b1f0e482-2f46-4e2b-9acf-12b2f94f1674,sale,2019-07-30T14:52:07Z,1,12,20
2e54c6c1-4dc0-447e-822d-52e87675ef77,sale,2019-07-24T04:09:48Z,4,16,56
cc938c0c-412f-4b82-85b5-ec3a88422902,sale,2019-01-04T03:12:14Z,2,27,101
b49911f1-8248-43e3-89ca-e95d88ced7fd,sale,2019-03-16T23:44:16Z,10,4,135
101086cb-db56-4b98-b229-04aab9666e60,sale,2018-12-08T20:52:10Z,9,9,34
2490673b-eb64-49f6-92a5-32f277366bc5,incoming,2019-06-07T12:07:52Z,9,9,172
ca17d6c8-35d0-409f-877b-e67476678966,sale,2018-10-21T00:21:12Z,9,26,171
6450c074-4e13-46fc-b821-8f6040b3556c,sale,2018-12-05T06:31:29Z,1,22,125
b03f75c0-1d41-4dea-841a-d6e0217eddc4,incoming,2018-10-26T03:22:59Z,9,13,122
9f487193-b633-43e3-83e6-699dd6c61dc0,sale,2018-11-06T01:43:30Z,7,1,108
21ecadd9-4238-448e-a2a1-11b71db09710,incoming,2018-12-07T12:09:15Z,8,30,59
00d38603-09b3-4c6f-8d6e-fa927ce03e33,sale,2018-09-30T12:27:31Z,7,15,64
69259dbb-a52a-4779-b381-b75b1d532181,sale,2019-09-02T03:01:10Z,2,28,154
b2840c9a-9b2c-45b0-a994-4b634e64f361,incoming,2019-02-25T03:01:11Z,7,1,82
cc321a56-2517-418b-9e3d-1e3e91ffa7bf,incoming,2019-04-21T04:17:12Z,1,28,86
567977bf-8c3b-4233-b76e-8e37180c9f1f,incoming,2019-06-26T15:46:02Z,8,15,106
b6f972d1-d21c-450e-95f6-4c960d3fd1c7,sale,2019-05-05T12:34:33Z,1,1,53
f7321597-3021-4144-bb0d-6a51defe3f28,sale,2019-06-25T21:01:31Z,7,20,112
25b5e58b-322d-4d43-b53f-50e0d3f6afe9,sale,2019-08-06T17:25:09Z,4,23,46
2f779b73-10fd-44a3-93d7-25caa5b32ffe,incoming,2019-05-29T01:14:16Z,7,26,87
e8f44a83-2ad8-4238-acd4-ead7425b33b5,sale,2019-06-06T18:54:42Z,7,5,145
1365b527-0599-491e-9917-a3dd10fc2c2d,incoming,2019-04-26T13:53:01Z,9,2,1
3969e19b-4dfe-4546-9429-a118dd755e06,sale,2019-06-21T15:28:50Z,8,1,181
ed6d6855-58e3-4089-9122-7749fd03cdff,incoming,2018-12-18T20:44:57Z,2,30,170
592da85f-f416-4c95-9acc-7cc5fac46266,sale,2019-02-15T18:34:07Z,4,29,76
68ad581d-c9b3-43f3-a961-3b35789aad71,incoming,2019-09-28T10:27:07Z,1,18,108
a09869f6-7cd6-4729-b59d-d217879f13cd,sale,2019-08-23T05:10:47Z,8,29,177
1100f386-6903-40da-80a9-9aa17acab275,sale,2018-12-09T07:20:31Z,10,28,86
805d9b8d-15ca-407a-9f5f-b6645e1aa145,sale,2018-12-03T06:12:41Z,10,8,47
f84ada6a-e02d-4ff3-ac19-4e9a063d159c,sale,2019-05-22T06:19:08Z,3,21,9
588a3b60-cfa4-4ddd-8ffe-657cdef472fe,sale,2019-08-08T07:00:56Z,10,24,37
00902a5c-5a25-4da4-9044-c6cad6ad032e,incoming,2019-09-04T21:39:10Z,7,20,85
4e27e0af-4d4b-4fc0-bcac-2e767c00ea11,incoming,2019-07-10T20:07:34Z,10,29,125
e12debb3-629e-4962-86c4-50d99ec25d29,sale,2019-06-04T00:03:46Z,6,2,163
1c400da3-8a29-4106-ac24-fea333c7caeb,incoming,2019-01-19T12:25:56Z,4,30,159
a908f70a-f5b0-4704-9a28-0f1237ef869f,incoming,2019-09-06T09:44:11Z,5,13,157
da2437ea-2e9f-496c-baad-6d8467971a1d,incoming,2019-08-08T16:47:03Z,4,21,108
5e3868e3-5a00-49f9-bbfa-70cf7b191457,sale,2018-12-07T18:15:44Z,8,5,102
4d8cce2b-3beb-4a4e-a66d-ff4fe45831a7,sale,2019-02-04T15:34:14Z,9,3,186
f177ecf9-98b9-4e9d-83cf-35bbc6d0d3c6,sale,2018-12-08T07:35:25Z,2,23,5
83bf5d13-1970-4f90-b680-aecad320bedc,sale,2018-11-20T01:32:24Z,8,16,191
8f16eb4c-03fc-4678-9196-cc22b51b2bfd,incoming,2018-10-27T15:27:05Z,4,11,141
2463c7d5-ad2d-4a46-b3e9-38865cebbf87,sale,2019-04-16T05:44:39Z,5,8,169
faea521c-5b32-4b5e-9f7b-30ad976cbb49,sale,2019-03-26T09:18:29Z,9,19,61
d355cffc-e3ad-467e-b0be-1a23d564bf14,sale,2019-09-23T18:41:44Z,7,11,70
30e3a11d-3927-40b9-9897-ed38893093dd,sale,2019-06-13T14:27:43Z,9,13,31
a2b82c57-b4bb-420d-8d63-890395777c01,sale,2019-08-14T12:51:18Z,9,17,105
6554987d-18ed-4b5d-a0cc-2a27dac9c4ac,sale,2019-09-07T06:06:19Z,10,12,19
e89e9c91-1d13-4443-8571-513b91bdfdca,sale,2018-12-06T20:25:54Z,5,22,199
d2f1a236-2f1c-40a8-aaf6-13091c25aa44,incoming,2019-03-26T10:33:59Z,5,24,87
8fea7316-9205-4822-acaa-25089b404ca3,incoming,2018-10-31T14:46:59Z,1,14,149
4d0c9ed3-4bff-4553-bea0-ffb385e85660,incoming,2018-11-01T12:00:41Z,6,5,140
d80543b4-a83a-4afd-af44-9e44c34a72c1,incoming,2019-07-24T09:34:22Z,6,24,104
df9dd59a-6a0e-4946-966e-e13efc4f7151,incoming,2018-12-27T22:14:30Z,5,17,52
94508c8f-2dcc-4958-ac68-3923465b7924,incoming,2019-08-16T08:07:59Z,5,29,158
309c2c86-72e2-4500-ade8-ed0fbb5ded65,sale,2019-02-27T17:10:10Z,10,6,3
8106260b-a15d-4e11-8047-d73e2e14e5f4,incoming,2019-05-28T09:46:37Z,8,1,53
cfb54c99-fd3d-46ce-9fea-fd012c3fb1f7,sale,2019-02-22T06:32:04Z,10,15,158
3e9e27c0-33df-454c-86a5-47c7b28fc1f5,sale,2019-07-03T11:39:12Z,5,12,83
17153be7-d4a9-4e1e-b57c-affb648de837,incoming,2019-06-14T11:03:33Z,9,12,67
29df36db-15ca-4f8e-aba8-3523f50a3b4c,incoming,2019-04-09T00:57:10Z,6,22,153
9978152a-afee-441b-9f26-cda3676c3cc1,sale,2019-09-26T00:44:42Z,9,1,151
50af49c5-8dcb-457c-8ef7-b4402ee4461e,incoming,2019-07-07T09:57:21Z,8,8,152
aed8b07e-009c-445c-ade2-994a3c7dfecb,incoming,2019-09-12T17:39:31Z,8,26,174
1fbc5876-4a11-4826-9619-e95c50cefefc,incoming,2019-09-11T04:13:02Z,9,30,61
c623ec8b-7a01-4ef1-ad42-41e3a7ba2b39,incoming,2019-02-09T05:37:04Z,1,23,37
75f94c12-71eb-4d5c-a67f-790f16895e5f,incoming,2019-06-25T19:55:13Z,3,19,180
61484523-7b72-41e7-88ad-a6cb470f47b0,incoming,2018-10-03T19:03:20Z,6,8,171
b7a45d6b-edd7-4983-97ef-1ed2eab62d33,sale,2019-01-19T11:21:56Z,3,27,21
50ae36cb-3c2a-4cdc-a6d1-e187bf03882b,sale,2019-05-02T09:08:31Z,3,13,46
6fa05d27-741b-4b79-a2cf-f8007545fd96,sale,2019-07-15T06:38:44Z,4,11,48
6fe026fd-54f3-4267-a495-adcd429fe0a6,incoming,2019-06-29T10:24:48Z,8,29,8
12dca1ec-c292-4c99-aa4e-63b9ebc5f0e0,incoming,2019-07-27T06:50:45Z,4,28,157
ad05fd77-d4ed-4069-b499-4793d6752460,sale,2019-08-27T21:29:29Z,5,26,183
bc8d0636-a19a-4b52-bf1d-5fa4d08054c3,sale,2018-11-11T23:37:16Z,9,10,157
bff8381d-ad2f-4df6-8c9b-58060a02b16c,incoming,2019-09-28T13:54:14Z,8,16,78
a0655298-9923-4c58-83f4-18da78869a97,sale,2019-04-02T00:54:15Z,2,2,122
45eddeaa-8c9c-4ca9-a8f0-d4ab932a4209,sale,2019-04-09T22:42:10Z,7,9,83
76c2a8a8-83f8-4462-ad80-558efefea7a8,sale,2019-07-10T23:44:05Z,6,21,67
626e61ed-0f8d-49d5-9740-33c88fc66a99,sale,2019-09-04T16:51:10Z,6,25,196
14bd6d50-862a-42b8-8016-ad663ec33cf8,sale,2019-09-02T06:02:11Z,2,2,107
2bd498bb-2ae7-4ae9-93ad-dc9c96d25d2e,sale,2019-01-31T13:22:02Z,4,10,26
f2371b2d-a997-49a9-a154-3724c8b87a13,incoming,2018-12-30T16:35:08Z,9,13,28
8535b1ab-81d7-4add-bb44-a017bb6d0818,sale,2018-11-04T21:55:54Z,4,6,87
ac0124df-d08a-44f0-9fe7-04e5d1385112,sale,2018-12-26T21:15:19Z,7,23,119
2e5e3894-d35a-4a73-9a1d-1b6ae95a4bd0,sale,2019-02-01T17:19:09Z,1,27,119
0f9335b7-8969-4661-a6c0-5187a6358b41,sale,2018-10-01T02:33:15Z,1,20,199
b6bf65a3-fba7-4094-aaca-1bdb2eb2296a,incoming,2019-06-08T13:01:22Z,1,26,103
36c92093-f533-42c9-a684-e29eca38e342,sale,2018-10-25T16:13:25Z,2,19,130
7533c3e5-182b-43a6-98e5-5419b4e0e934,sale,2018-12-31T12:35:40Z,2,4,115
44e35a62-09a4-4f19-bcca-220b1874cb94,incoming,2018-11-14T07:00:58Z,1,17,37
843f9892-0117-4885-a2a6-c657040566b6,incoming,2019-05-10T20:05:04Z,5,27,120
4ee92fb5-b269-41ac-8fae-7862cbfdf537,sale,2019-08-23T23:18:46Z,6,12,127
0cb84378-4b58-43e5-b7b2-bcff5af09c0f,incoming,2018-12-09T20:53:35Z,10,27,147
dc602ff9-649e-4b79-87ac-4a4d948b46d4,sale,2018-10-29T21:34:31Z,4,13,180
fad59d44-3a82-4d43-bbe6-eff0387ddcf8,sale,2019-05-19T03:08:15Z,5,17,85
d1b15a5c-c34e-4b5d-b3cd-1488e86b6000,sale,2019-07-26T23:28:11Z,7,10,154
fbe700f1-6dbb-4b5a-8fe0-7b847056f472,incoming,2019-02-14T17:50:55Z,7,25,157
90e603a9-725e-4b58-8f6e-918ca961fc00,sale,2019-03-27T16:42:44Z,7,16,33
48d48ded-53ab-42f6-972f-e73a71145cb9,sale,2019-06-02T08:39:46Z,8,11,131
44923317-83ef-42ef-b4b7-e464b6932879,sale,2019-01-11T22:31:36Z,4,15,159
5b24ce9f-d7bf-49f4-a2f7-5832530ab630,incoming,2018-10-07T20:39:17Z,8,15,192
0779d3d8-880e-4b7c-aaa7-2c43012b0932,incoming,2019-07-30T05:16:37Z,6,27,106
77be44e1-c6a5-4cf8-bf11-e68039969ea5,sale,2018-11-30T17:21:21Z,4,8,86
eae1b64b-0629-4937-b375-9ad384eb76bc,incoming,2019-03-20T22:18:19Z,7,18,187
df539062-da1f-45fe-843a-fd45dffe0557,sale,2019-08-22T06:06:08Z,4,18,135
44195304-bf9f-4131-b0cf-6d18dd3eafa1,sale,2018-10-27T17:49:56Z,2,28,187
69383f3d-53f5-49b2-b30a-2d8bf05e6c8b,incoming,2018-12-07T12:54:23Z,9,19,97
f040a07e-1136-4537-981c-fa8b59835ad0,incoming,2018-12-04T09:36:08Z,8,24,116
450b0227-bb2a-49e8-9e1d-31267e3af241,incoming,2018-11-04T14:59:50Z,4,11,151
d5e21890-200d-42f8-92d2-6d99773a6fe2,sale,2018-12-15T20:31:58Z,3,26,4
c20976d9-d973-4a80-830d-50739b92cc80,sale,2018-11-20T16:26:16Z,8,1,141
d770e99d-9ad7-4511-8d58-cb74c85d36d1,sale,2019-03-17T13:06:34Z,7,10,138
4634015b-67f5-4c0b-8097-0bd7e7c99636,sale,2018-11-11T20:48:04Z,7,13,100
30995b34-e88d-4b31-ae6c-e98486107036,incoming,2019-05-06T15:42:03Z,9,14,105
c55309b0-d0cb-49e8-bf56-91e5c3a50632,sale,2019-07-23T21:38:15Z,10,14,16
05a5b974-e409-4dc6-a83c-64be49b7c622,sale,2019-04-10T14:44:10Z,7,5,9
1203dc2e-44ea-4d54-8e9e-116c2e61f202,incoming,2019-04-21T22:03:06Z,1,12,67
db274447-a4e2-4120-8628-c419ae405619,sale,2019-02-22T01:49:17Z,8,7,164
e13a4445-9cf2-4b49-b147-019d1fddc8a4,incoming,2019-07-10T08:11:16Z,4,24,131
405a0696-8b14-4c07-9717-ca7574543a3b,incoming,2019-05-24T11:42:50Z,1,2,147
70cb45ce-341c-439a-9199-7a7f73392614,sale,2018-11-27T10:05:30Z,4,19,69
2407dc98-8bb1-4ddc-8d02-a61fd43ad09f,incoming,2019-06-02T19:11:33Z,9,20,22
4fdee98d-f24a-4ba2-b37f-3a1433aac02c,incoming,2019-04-18T07:26:00Z,9,30,17
4bc9e691-403b-4491-b5b1-96406303691f,sale,2018-10-07T06:21:00Z,6,24,116
4d38bd41-6834-497e-8852-1ec7613a00a7,incoming,2019-02-14T12:11:32Z,8,13,128
d615ba98-cfcf-41b0-bd5d-7c2be8d4cb06,sale,2019-08-10T19:32:31Z,10,9,184
91ae1d06-dfa7-4af2-ae92-e1b1d8844777,sale,2019-05-09T00:27:55Z,7,16,44
7945dbfb-fb2d-4926-9341-d7e37a11351e,sale,2019-08-14T07:07:06Z,6,1,79
8601ddcc-83b6-44c7-99d9-a1436213c7c7,sale,2018-12-09T22:45:20Z,3,1,146
3b7683c4-ceb2-4f9f-9779-3242604c193b,sale,2018-12-26T19:19:50Z,3,19,88
1192581a-61be-44d0-a855-1abd2db13e5e,incoming,2019-06-06T09:19:20Z,7,13,181
6fbb2d1e-51c8-471c-a2f4-855445fccf97,incoming,2019-07-15T06:51:39Z,4,5,129
c78c0a85-44a6-4b13-a6d1-989516d7db79,incoming,2019-06-18T22:04:08Z,5,14,149
9deb5856-6cc5-4743-8271-05ddd5c7a723,sale,2019-03-21T01:26:03Z,4,20,139
7f9aa909-942e-4ce4-ab49-29b3b0589989,sale,2019-03-02T11:57:20Z,8,16,38
a768336e-610a-4186-a1db-f2a8194a9330,incoming,2019-03-17T17:01:39Z,4,23,107
5154474a-835f-48c3-a6cd-68923ad527c1,sale,2018-11-12T04:31:37Z,9,19,38
c5c2a581-09e9-4f45-8cc0-475806d86a17,sale,2019-01-03T10:48:54Z,7,20,112
a014bdb9-32c0-4f45-be2a-3e846396c0da,sale,2019-02-23T17:08:56Z,5,14,151
507046dc-652c-4d44-b994-07ee48741695,incoming,2018-10-30T06:50:13Z,2,28,200
ccb8c5fe-7ac5-4d2e-8799-e43774dc21ce,incoming,2018-10-30T06:23:55Z,4,9,137
663722d0-36bf-42f2-a23d-56c062d4c922,incoming,2019-05-08T11:57:21Z,9,11,118
d0ce67b5-9378-4bc6-b416-b64e0f3518b5,sale,2019-03-09T08:43:54Z,2,27,100
3175ab5b-f6f5-4cd4-b322-661550ad583f,sale,2019-03-17T13:56:50Z,8,23,167
85e1cd8f-4ed0-42bc-b1d7-0411d18013a9,sale,2019-05-05T23:26:50Z,4,8,74
ecc93a62-a4fb-48c0-a373-f32725d8a7db,incoming,2019-06-13T20:33:25Z,7,11,87
7f316eea-9788-4113-bb96-7b8643abd949,incoming,2019-06-08T06:18:41Z,5,6,189
e7520080-a83b-4ba3-bc9c-2c53cf5a5925,sale,2019-02-06T01:58:59Z,10,29,48
b7b756e8-dde1-4a87-844f-d5ff29a2c8c1,sale,2019-09-06T19:36:47Z,10,29,41
da67fa2f-31fc-4e98-acbd-c50291de64e1,incoming,2018-12-27T00:40:47Z,3,2,151
2a927525-3797-4296-aa60-5a249537b0fb,incoming,2018-10-22T23:52:39Z,2,15,22
f973c283-91e9-4d23-9a32-cb55ecd5e15e,sale,2019-09-03T12:02:16Z,4,3,105
af5cb2fa-837a-45f1-b3b8-1e476ab69526,sale,2019-04-01T02:36:43Z,10,9,183
da789d50-0772-4896-8a2a-d7186477ff63,sale,2018-10-14T16:23:43Z,1,17,42
6ba3bf42-684a-4f4a-9bf5-545ce89bf106,sale,2019-07-15T06:16:29Z,7,29,173
36410e82-8306-4a40-a816-031e20cd4719,incoming,2019-03-03T01:28:41Z,6,1,82
ceef9f4b-295e-485c-8604-9b06aff93e42,incoming,2019-03-28T14:38:23Z,1,17,90
366d1209-7416-43f8-9b9d-1f8bb7d65e60,incoming,2018-11-06T08:01:33Z,4,10,12
2eea1ba2-e471-42f2-8c5a-bb9f5f1a188c,sale,2018-10-06T12:08:22Z,3,17,14
90aac863-d9ed-4934-be6d-0b1dcd991b6d,sale,2019-01-24T22:53:37Z,3,22,157
37371a87-d161-448a-9ae7-33603f02f108,incoming,2018-11-24T03:30:07Z,9,15,133
d864fe1f-f768-46f9-87ab-2f42f52f3f24,sale,2019-05-21T08:23:39Z,4,12,94
db43e721-df68-47e0-9072-84ee843d216a,incoming,2018-10-16T23:35:06Z,2,11,80
3b10b1f1-98b6-45cc-ae20-a7d45d2a2802,incoming,2019-06-09T10:02:38Z,2,14,162
60d14d4f-52cf-4f99-abeb-c89103a28526,sale,2019-01-26T05:28:28Z,6,22,194
593bf99b-3803-4200-ae1b-35e0b2deae3d,sale,2019-02-18T06:48:41Z,6,2,19
05da8fa2-8538-4831-8ebc-84dc08fe53df,incoming,2019-04-11T05:22:49Z,6,15,36
76da4c38-2d04-4c4f-9756-d0a0016ced91,incoming,2019-02-10T16:23:27Z,10,10,179
b6bbafc0-f420-4cbf-8694-ce91af118005,sale,2019-05-30T11:24:46Z,7,9,46
d7a17fad-55bf-4c8e-a275-2831c03e97cc,sale,2019-01-10T03:11:18Z,7,4,49
4c24f6c1-11f4-4c2c-b907-b78237af7b56,incoming,2018-11-03T18:27:01Z,3,17,3
db228c61-931b-4cea-9608-dd5826ab51b9,incoming,2018-10-16T04:18:20Z,2,7,59
4a1e0539-e673-43a8-ae22-18722f96dfe8,sale,2019-06-13T03:41:30Z,5,28,9
0b8a6757-71b7-4767-9936-f668c1817cf2,incoming,2019-06-02T14:33:02Z,1,10,26
